<resources>
    <color name="md_theme_primary">#154D88</color>
    <color name="md_theme_onPrimary">#FFFFFF</color>
    <color name="md_theme_primaryContainer">#3565A2</color>
    <color name="md_theme_onPrimaryContainer">#D2E2FF</color>
    <color name="md_theme_secondary">#4F5F78</color>
    <color name="md_theme_onSecondary">#FFFFFF</color>
    <color name="md_theme_secondaryContainer">#D0E0FF</color>
    <color name="md_theme_onSecondaryContainer">#54637D</color>
    <color name="md_theme_tertiary">#6B3875</color>
    <color name="md_theme_onTertiary">#FFFFFF</color>
    <color name="md_theme_tertiaryContainer">#85508F</color>
    <color name="md_theme_onTertiaryContainer">#FDD5FF</color>
    <color name="md_theme_error">#BA1A1A</color>
    <color name="md_theme_onError">#FFFFFF</color>
    <color name="md_theme_errorContainer">#FFDAD6</color>
    <color name="md_theme_onErrorContainer">#93000A</color>
    <color name="md_theme_background">#F9F9FF</color>
    <color name="md_theme_onBackground">#1A1C20</color>
    <color name="md_theme_surface">#F9F9FF</color>
    <color name="md_theme_onSurface">#1A1C20</color>
    <color name="md_theme_surfaceVariant">#DEE2EE</color>
    <color name="md_theme_onSurfaceVariant">#424750</color>
    <color name="md_theme_outline">#737781</color>
    <color name="md_theme_outlineVariant">#C2C6D1</color>
    <color name="md_theme_scrim">#000000</color>
    <color name="md_theme_inverseSurface">#2E3035</color>
    <color name="md_theme_inverseOnSurface">#F0F0F6</color>
    <color name="md_theme_inversePrimary">#A6C8FF</color>
    <color name="md_theme_primaryFixed">#D4E3FF</color>
    <color name="md_theme_onPrimaryFixed">#001C3A</color>
    <color name="md_theme_primaryFixedDim">#A6C8FF</color>
    <color name="md_theme_onPrimaryFixedVariant">#0B4783</color>
    <color name="md_theme_secondaryFixed">#D4E3FF</color>
    <color name="md_theme_onSecondaryFixed">#0B1C32</color>
    <color name="md_theme_secondaryFixedDim">#B7C7E5</color>
    <color name="md_theme_onSecondaryFixedVariant">#384760</color>
    <color name="md_theme_tertiaryFixed">#FDD6FF</color>
    <color name="md_theme_onTertiaryFixed">#340140</color>
    <color name="md_theme_tertiaryFixedDim">#EFB1F8</color>
    <color name="md_theme_onTertiaryFixedVariant">#65336F</color>
    <color name="md_theme_surfaceDim">#D9DADF</color>
    <color name="md_theme_surfaceBright">#F9F9FF</color>
    <color name="md_theme_surfaceContainerLowest">#FFFFFF</color>
    <color name="md_theme_surfaceContainerLow">#F3F3F9</color>
    <color name="md_theme_surfaceContainer">#EDEDF3</color>
    <color name="md_theme_surfaceContainerHigh">#E7E8ED</color>
    <color name="md_theme_surfaceContainerHighest">#E2E2E8</color>
    <color name="md_theme_primary_mediumContrast">#003669</color>
    <color name="md_theme_onPrimary_mediumContrast">#FFFFFF</color>
    <color name="md_theme_primaryContainer_mediumContrast">#3565A2</color>
    <color name="md_theme_onPrimaryContainer_mediumContrast">#FFFFFF</color>
    <color name="md_theme_secondary_mediumContrast">#27374E</color>
    <color name="md_theme_onSecondary_mediumContrast">#FFFFFF</color>
    <color name="md_theme_secondaryContainer_mediumContrast">#5E6E88</color>
    <color name="md_theme_onSecondaryContainer_mediumContrast">#FFFFFF</color>
    <color name="md_theme_tertiary_mediumContrast">#52215D</color>
    <color name="md_theme_onTertiary_mediumContrast">#FFFFFF</color>
    <color name="md_theme_tertiaryContainer_mediumContrast">#85508F</color>
    <color name="md_theme_onTertiaryContainer_mediumContrast">#FFFFFF</color>
    <color name="md_theme_error_mediumContrast">#740006</color>
    <color name="md_theme_onError_mediumContrast">#FFFFFF</color>
    <color name="md_theme_errorContainer_mediumContrast">#CF2C27</color>
    <color name="md_theme_onErrorContainer_mediumContrast">#FFFFFF</color>
    <color name="md_theme_background_mediumContrast">#F9F9FF</color>
    <color name="md_theme_onBackground_mediumContrast">#1A1C20</color>
    <color name="md_theme_surface_mediumContrast">#F9F9FF</color>
    <color name="md_theme_onSurface_mediumContrast">#0F1115</color>
    <color name="md_theme_surfaceVariant_mediumContrast">#DEE2EE</color>
    <color name="md_theme_onSurfaceVariant_mediumContrast">#32363F</color>
    <color name="md_theme_outline_mediumContrast">#4E535C</color>
    <color name="md_theme_outlineVariant_mediumContrast">#696D77</color>
    <color name="md_theme_scrim_mediumContrast">#000000</color>
    <color name="md_theme_inverseSurface_mediumContrast">#2E3035</color>
    <color name="md_theme_inverseOnSurface_mediumContrast">#F0F0F6</color>
    <color name="md_theme_inversePrimary_mediumContrast">#A6C8FF</color>
    <color name="md_theme_primaryFixed_mediumContrast">#3F6EAC</color>
    <color name="md_theme_onPrimaryFixed_mediumContrast">#FFFFFF</color>
    <color name="md_theme_primaryFixedDim_mediumContrast">#225692</color>
    <color name="md_theme_onPrimaryFixedVariant_mediumContrast">#FFFFFF</color>
    <color name="md_theme_secondaryFixed_mediumContrast">#5E6E88</color>
    <color name="md_theme_onSecondaryFixed_mediumContrast">#FFFFFF</color>
    <color name="md_theme_secondaryFixedDim_mediumContrast">#46566E</color>
    <color name="md_theme_onSecondaryFixedVariant_mediumContrast">#FFFFFF</color>
    <color name="md_theme_tertiaryFixed_mediumContrast">#8F5999</color>
    <color name="md_theme_onTertiaryFixed_mediumContrast">#FFFFFF</color>
    <color name="md_theme_tertiaryFixedDim_mediumContrast">#74417F</color>
    <color name="md_theme_onTertiaryFixedVariant_mediumContrast">#FFFFFF</color>
    <color name="md_theme_surfaceDim_mediumContrast">#C6C6CC</color>
    <color name="md_theme_surfaceBright_mediumContrast">#F9F9FF</color>
    <color name="md_theme_surfaceContainerLowest_mediumContrast">#FFFFFF</color>
    <color name="md_theme_surfaceContainerLow_mediumContrast">#F3F3F9</color>
    <color name="md_theme_surfaceContainer_mediumContrast">#E7E8ED</color>
    <color name="md_theme_surfaceContainerHigh_mediumContrast">#DCDCE2</color>
    <color name="md_theme_surfaceContainerHighest_mediumContrast">#D1D1D7</color>
    <color name="md_theme_primary_highContrast">#002C57</color>
    <color name="md_theme_onPrimary_highContrast">#FFFFFF</color>
    <color name="md_theme_primaryContainer_highContrast">#104A85</color>
    <color name="md_theme_onPrimaryContainer_highContrast">#FFFFFF</color>
    <color name="md_theme_secondary_highContrast">#1D2D44</color>
    <color name="md_theme_onSecondary_highContrast">#FFFFFF</color>
    <color name="md_theme_secondaryContainer_highContrast">#3A4A62</color>
    <color name="md_theme_onSecondaryContainer_highContrast">#FFFFFF</color>
    <color name="md_theme_tertiary_highContrast">#471652</color>
    <color name="md_theme_onTertiary_highContrast">#FFFFFF</color>
    <color name="md_theme_tertiaryContainer_highContrast">#673572</color>
    <color name="md_theme_onTertiaryContainer_highContrast">#FFFFFF</color>
    <color name="md_theme_error_highContrast">#600004</color>
    <color name="md_theme_onError_highContrast">#FFFFFF</color>
    <color name="md_theme_errorContainer_highContrast">#98000A</color>
    <color name="md_theme_onErrorContainer_highContrast">#FFFFFF</color>
    <color name="md_theme_background_highContrast">#F9F9FF</color>
    <color name="md_theme_onBackground_highContrast">#1A1C20</color>
    <color name="md_theme_surface_highContrast">#F9F9FF</color>
    <color name="md_theme_onSurface_highContrast">#000000</color>
    <color name="md_theme_surfaceVariant_highContrast">#DEE2EE</color>
    <color name="md_theme_onSurfaceVariant_highContrast">#000000</color>
    <color name="md_theme_outline_highContrast">#282C35</color>
    <color name="md_theme_outlineVariant_highContrast">#454952</color>
    <color name="md_theme_scrim_highContrast">#000000</color>
    <color name="md_theme_inverseSurface_highContrast">#2E3035</color>
    <color name="md_theme_inverseOnSurface_highContrast">#FFFFFF</color>
    <color name="md_theme_inversePrimary_highContrast">#A6C8FF</color>
    <color name="md_theme_primaryFixed_highContrast">#104A85</color>
    <color name="md_theme_onPrimaryFixed_highContrast">#FFFFFF</color>
    <color name="md_theme_primaryFixedDim_highContrast">#003363</color>
    <color name="md_theme_onPrimaryFixedVariant_highContrast">#FFFFFF</color>
    <color name="md_theme_secondaryFixed_highContrast">#3A4A62</color>
    <color name="md_theme_onSecondaryFixed_highContrast">#FFFFFF</color>
    <color name="md_theme_secondaryFixedDim_highContrast">#23334A</color>
    <color name="md_theme_onSecondaryFixedVariant_highContrast">#FFFFFF</color>
    <color name="md_theme_tertiaryFixed_highContrast">#673572</color>
    <color name="md_theme_onTertiaryFixed_highContrast">#FFFFFF</color>
    <color name="md_theme_tertiaryFixedDim_highContrast">#4E1D5A</color>
    <color name="md_theme_onTertiaryFixedVariant_highContrast">#FFFFFF</color>
    <color name="md_theme_surfaceDim_highContrast">#B8B8BE</color>
    <color name="md_theme_surfaceBright_highContrast">#F9F9FF</color>
    <color name="md_theme_surfaceContainerLowest_highContrast">#FFFFFF</color>
    <color name="md_theme_surfaceContainerLow_highContrast">#F0F0F6</color>
    <color name="md_theme_surfaceContainer_highContrast">#E2E2E8</color>
    <color name="md_theme_surfaceContainerHigh_highContrast">#D4D4DA</color>
    <color name="md_theme_surfaceContainerHighest_highContrast">#C6C6CC</color>
    <color name="colorCustomColor1">#544E43</color>
    <color name="colorOnCustomColor1">#FFFFFF</color>
    <color name="colorCustomColor1Container">#6D665A</color>
    <color name="colorOnCustomColor1Container">#EFE5D6</color>
    <color name="colorCustomColor1_mediumContrast">#3B352B</color>
    <color name="colorOnCustomColor1_mediumContrast">#FFFFFF</color>
    <color name="colorCustomColor1Container_mediumContrast">#6D665A</color>
    <color name="colorOnCustomColor1Container_mediumContrast">#FFFFFF</color>
    <color name="colorCustomColor1_highContrast">#312B22</color>
    <color name="colorOnCustomColor1_highContrast">#FFFFFF</color>
    <color name="colorCustomColor1Container_highContrast">#4F483D</color>
    <color name="colorOnCustomColor1Container_highContrast">#FFFFFF</color>
</resources>
