<resources>
    <color name="md_theme_primary">#A83200</color>
    <color name="md_theme_onPrimary">#FFFFFF</color>
    <color name="md_theme_primaryContainer">#CA491A</color>
    <color name="md_theme_onPrimaryContainer">#FFFAFA</color>
    <color name="md_theme_secondary">#904B34</color>
    <color name="md_theme_onSecondary">#FFFFFF</color>
    <color name="md_theme_secondaryContainer">#FFA588</color>
    <color name="md_theme_onSecondaryContainer">#793823</color>
    <color name="md_theme_tertiary">#715D00</color>
    <color name="md_theme_onTertiary">#FFFFFF</color>
    <color name="md_theme_tertiaryContainer">#C5A93E</color>
    <color name="md_theme_onTertiaryContainer">#4C3E00</color>
    <color name="md_theme_error">#BA1A1A</color>
    <color name="md_theme_onError">#FFFFFF</color>
    <color name="md_theme_errorContainer">#FFDAD6</color>
    <color name="md_theme_onErrorContainer">#93000A</color>
    <color name="md_theme_background">#FFF8F6</color>
    <color name="md_theme_onBackground">#251814</color>
    <color name="md_theme_surface">#FFF8F6</color>
    <color name="md_theme_onSurface">#251814</color>
    <color name="md_theme_surfaceVariant">#FEDBD1</color>
    <color name="md_theme_onSurfaceVariant">#59413A</color>
    <color name="md_theme_outline">#8D7168</color>
    <color name="md_theme_outlineVariant">#E1BFB5</color>
    <color name="md_theme_scrim">#000000</color>
    <color name="md_theme_inverseSurface">#3C2D28</color>
    <color name="md_theme_inverseOnSurface">#FFEDE8</color>
    <color name="md_theme_inversePrimary">#FFB59E</color>
    <color name="md_theme_primaryFixed">#FFDBD0</color>
    <color name="md_theme_onPrimaryFixed">#390B00</color>
    <color name="md_theme_primaryFixedDim">#FFB59E</color>
    <color name="md_theme_onPrimaryFixedVariant">#842500</color>
    <color name="md_theme_secondaryFixed">#FFDBD0</color>
    <color name="md_theme_onSecondaryFixed">#390B00</color>
    <color name="md_theme_secondaryFixedDim">#FFB59E</color>
    <color name="md_theme_onSecondaryFixedVariant">#73341F</color>
    <color name="md_theme_tertiaryFixed">#FFE176</color>
    <color name="md_theme_onTertiaryFixed">#221B00</color>
    <color name="md_theme_tertiaryFixedDim">#E2C557</color>
    <color name="md_theme_onTertiaryFixedVariant">#554500</color>
    <color name="md_theme_surfaceDim">#EDD5CE</color>
    <color name="md_theme_surfaceBright">#FFF8F6</color>
    <color name="md_theme_surfaceContainerLowest">#FFFFFF</color>
    <color name="md_theme_surfaceContainerLow">#FFF1ED</color>
    <color name="md_theme_surfaceContainer">#FFE9E3</color>
    <color name="md_theme_surfaceContainerHigh">#FCE3DC</color>
    <color name="md_theme_surfaceContainerHighest">#F6DDD6</color>
    <color name="md_theme_primary_mediumContrast">#671B00</color>
    <color name="md_theme_onPrimary_mediumContrast">#FFFFFF</color>
    <color name="md_theme_primaryContainer_mediumContrast">#C14213</color>
    <color name="md_theme_onPrimaryContainer_mediumContrast">#FFFFFF</color>
    <color name="md_theme_secondary_mediumContrast">#5E2410</color>
    <color name="md_theme_onSecondary_mediumContrast">#FFFFFF</color>
    <color name="md_theme_secondaryContainer_mediumContrast">#A25941</color>
    <color name="md_theme_onSecondaryContainer_mediumContrast">#FFFFFF</color>
    <color name="md_theme_tertiary_mediumContrast">#423500</color>
    <color name="md_theme_onTertiary_mediumContrast">#FFFFFF</color>
    <color name="md_theme_tertiaryContainer_mediumContrast">#826B00</color>
    <color name="md_theme_onTertiaryContainer_mediumContrast">#FFFFFF</color>
    <color name="md_theme_error_mediumContrast">#740006</color>
    <color name="md_theme_onError_mediumContrast">#FFFFFF</color>
    <color name="md_theme_errorContainer_mediumContrast">#CF2C27</color>
    <color name="md_theme_onErrorContainer_mediumContrast">#FFFFFF</color>
    <color name="md_theme_background_mediumContrast">#FFF8F6</color>
    <color name="md_theme_onBackground_mediumContrast">#251814</color>
    <color name="md_theme_surface_mediumContrast">#FFF8F6</color>
    <color name="md_theme_onSurface_mediumContrast">#1A0E0B</color>
    <color name="md_theme_surfaceVariant_mediumContrast">#FEDBD1</color>
    <color name="md_theme_onSurfaceVariant_mediumContrast">#47312A</color>
    <color name="md_theme_outline_mediumContrast">#664D45</color>
    <color name="md_theme_outlineVariant_mediumContrast">#82675F</color>
    <color name="md_theme_scrim_mediumContrast">#000000</color>
    <color name="md_theme_inverseSurface_mediumContrast">#3C2D28</color>
    <color name="md_theme_inverseOnSurface_mediumContrast">#FFEDE8</color>
    <color name="md_theme_inversePrimary_mediumContrast">#FFB59E</color>
    <color name="md_theme_primaryFixed_mediumContrast">#C14213</color>
    <color name="md_theme_onPrimaryFixed_mediumContrast">#FFFFFF</color>
    <color name="md_theme_primaryFixedDim_mediumContrast">#9C2E00</color>
    <color name="md_theme_onPrimaryFixedVariant_mediumContrast">#FFFFFF</color>
    <color name="md_theme_secondaryFixed_mediumContrast">#A25941</color>
    <color name="md_theme_onSecondaryFixed_mediumContrast">#FFFFFF</color>
    <color name="md_theme_secondaryFixedDim_mediumContrast">#85422C</color>
    <color name="md_theme_onSecondaryFixedVariant_mediumContrast">#FFFFFF</color>
    <color name="md_theme_tertiaryFixed_mediumContrast">#826B00</color>
    <color name="md_theme_onTertiaryFixed_mediumContrast">#FFFFFF</color>
    <color name="md_theme_tertiaryFixedDim_mediumContrast">#655300</color>
    <color name="md_theme_onTertiaryFixedVariant_mediumContrast">#FFFFFF</color>
    <color name="md_theme_surfaceDim_mediumContrast">#D9C1BB</color>
    <color name="md_theme_surfaceBright_mediumContrast">#FFF8F6</color>
    <color name="md_theme_surfaceContainerLowest_mediumContrast">#FFFFFF</color>
    <color name="md_theme_surfaceContainerLow_mediumContrast">#FFF1ED</color>
    <color name="md_theme_surfaceContainer_mediumContrast">#FCE3DC</color>
    <color name="md_theme_surfaceContainerHigh_mediumContrast">#F0D8D1</color>
    <color name="md_theme_surfaceContainerHighest_mediumContrast">#E5CCC6</color>
    <color name="md_theme_primary_highContrast">#561500</color>
    <color name="md_theme_onPrimary_highContrast">#FFFFFF</color>
    <color name="md_theme_primaryContainer_highContrast">#882700</color>
    <color name="md_theme_onPrimaryContainer_highContrast">#FFFFFF</color>
    <color name="md_theme_secondary_highContrast">#511B08</color>
    <color name="md_theme_onSecondary_highContrast">#FFFFFF</color>
    <color name="md_theme_secondaryContainer_highContrast">#763721</color>
    <color name="md_theme_onSecondaryContainer_highContrast">#FFFFFF</color>
    <color name="md_theme_tertiary_highContrast">#362B00</color>
    <color name="md_theme_onTertiary_highContrast">#FFFFFF</color>
    <color name="md_theme_tertiaryContainer_highContrast">#584800</color>
    <color name="md_theme_onTertiaryContainer_highContrast">#FFFFFF</color>
    <color name="md_theme_error_highContrast">#600004</color>
    <color name="md_theme_onError_highContrast">#FFFFFF</color>
    <color name="md_theme_errorContainer_highContrast">#98000A</color>
    <color name="md_theme_onErrorContainer_highContrast">#FFFFFF</color>
    <color name="md_theme_background_highContrast">#FFF8F6</color>
    <color name="md_theme_onBackground_highContrast">#251814</color>
    <color name="md_theme_surface_highContrast">#FFF8F6</color>
    <color name="md_theme_onSurface_highContrast">#000000</color>
    <color name="md_theme_surfaceVariant_highContrast">#FEDBD1</color>
    <color name="md_theme_onSurfaceVariant_highContrast">#000000</color>
    <color name="md_theme_outline_highContrast">#3C2721</color>
    <color name="md_theme_outlineVariant_highContrast">#5B443C</color>
    <color name="md_theme_scrim_highContrast">#000000</color>
    <color name="md_theme_inverseSurface_highContrast">#3C2D28</color>
    <color name="md_theme_inverseOnSurface_highContrast">#FFFFFF</color>
    <color name="md_theme_inversePrimary_highContrast">#FFB59E</color>
    <color name="md_theme_primaryFixed_highContrast">#882700</color>
    <color name="md_theme_onPrimaryFixed_highContrast">#FFFFFF</color>
    <color name="md_theme_primaryFixedDim_highContrast">#611900</color>
    <color name="md_theme_onPrimaryFixedVariant_highContrast">#FFFFFF</color>
    <color name="md_theme_secondaryFixed_highContrast">#763721</color>
    <color name="md_theme_onSecondaryFixed_highContrast">#FFFFFF</color>
    <color name="md_theme_secondaryFixedDim_highContrast">#59210D</color>
    <color name="md_theme_onSecondaryFixedVariant_highContrast">#FFFFFF</color>
    <color name="md_theme_tertiaryFixed_highContrast">#584800</color>
    <color name="md_theme_onTertiaryFixed_highContrast">#FFFFFF</color>
    <color name="md_theme_tertiaryFixedDim_highContrast">#3D3200</color>
    <color name="md_theme_onTertiaryFixedVariant_highContrast">#FFFFFF</color>
    <color name="md_theme_surfaceDim_highContrast">#CBB4AD</color>
    <color name="md_theme_surfaceBright_highContrast">#FFF8F6</color>
    <color name="md_theme_surfaceContainerLowest_highContrast">#FFFFFF</color>
    <color name="md_theme_surfaceContainerLow_highContrast">#FFEDE8</color>
    <color name="md_theme_surfaceContainer_highContrast">#F6DDD6</color>
    <color name="md_theme_surfaceContainerHigh_highContrast">#E8CFC8</color>
    <color name="md_theme_surfaceContainerHighest_highContrast">#D9C1BB</color>
    <color name="colorCustomColor1">#645976</color>
    <color name="colorOnCustomColor1">#FFFFFF</color>
    <color name="colorCustomColor1Container">#D1C3E4</color>
    <color name="colorOnCustomColor1Container">#5A4F6B</color>
    <color name="colorCustomColor1_mediumContrast">#3B324C</color>
    <color name="colorOnCustomColor1_mediumContrast">#FFFFFF</color>
    <color name="colorCustomColor1Container_mediumContrast">#736885</color>
    <color name="colorOnCustomColor1Container_mediumContrast">#FFFFFF</color>
    <color name="colorCustomColor1_highContrast">#312841</color>
    <color name="colorOnCustomColor1_highContrast">#FFFFFF</color>
    <color name="colorCustomColor1Container_highContrast">#4F4460</color>
    <color name="colorOnCustomColor1Container_highContrast">#FFFFFF</color>
</resources>
