<resources>
    <color name="md_theme_primary">#713600</color>
    <color name="md_theme_onPrimary">#FFFFFF</color>
    <color name="md_theme_primaryContainer">#954900</color>
    <color name="md_theme_onPrimaryContainer">#FFCEAF</color>
    <color name="md_theme_secondary">#7F5538</color>
    <color name="md_theme_onSecondary">#FFFFFF</color>
    <color name="md_theme_secondaryContainer">#FEC6A2</color>
    <color name="md_theme_onSecondaryContainer">#7A5034</color>
    <color name="md_theme_tertiary">#464900</color>
    <color name="md_theme_onTertiary">#FFFFFF</color>
    <color name="md_theme_tertiaryContainer">#5E6200</color>
    <color name="md_theme_onTertiaryContainer">#D9DE76</color>
    <color name="md_theme_error">#BA1A1A</color>
    <color name="md_theme_onError">#FFFFFF</color>
    <color name="md_theme_errorContainer">#FFDAD6</color>
    <color name="md_theme_onErrorContainer">#93000A</color>
    <color name="md_theme_background">#FFF8F5</color>
    <color name="md_theme_onBackground">#221A15</color>
    <color name="md_theme_surface">#FFF8F5</color>
    <color name="md_theme_onSurface">#221A15</color>
    <color name="md_theme_surfaceVariant">#F7DDCF</color>
    <color name="md_theme_onSurfaceVariant">#544338</color>
    <color name="md_theme_outline">#877367</color>
    <color name="md_theme_outlineVariant">#DAC2B3</color>
    <color name="md_theme_scrim">#000000</color>
    <color name="md_theme_inverseSurface">#382E29</color>
    <color name="md_theme_inverseOnSurface">#FFEDE4</color>
    <color name="md_theme_inversePrimary">#FFB786</color>
    <color name="md_theme_primaryFixed">#FFDCC6</color>
    <color name="md_theme_onPrimaryFixed">#311300</color>
    <color name="md_theme_primaryFixedDim">#FFB786</color>
    <color name="md_theme_onPrimaryFixedVariant">#723600</color>
    <color name="md_theme_secondaryFixed">#FFDCC6</color>
    <color name="md_theme_onSecondaryFixed">#301400</color>
    <color name="md_theme_secondaryFixedDim">#F2BB97</color>
    <color name="md_theme_onSecondaryFixedVariant">#643E23</color>
    <color name="md_theme_tertiaryFixed">#E4E980</color>
    <color name="md_theme_onTertiaryFixed">#1C1D00</color>
    <color name="md_theme_tertiaryFixedDim">#C8CD67</color>
    <color name="md_theme_onTertiaryFixedVariant">#474A00</color>
    <color name="md_theme_surfaceDim">#E7D7CE</color>
    <color name="md_theme_surfaceBright">#FFF8F5</color>
    <color name="md_theme_surfaceContainerLowest">#FFFFFF</color>
    <color name="md_theme_surfaceContainerLow">#FFF1EA</color>
    <color name="md_theme_surfaceContainer">#FCEBE2</color>
    <color name="md_theme_surfaceContainerHigh">#F6E5DC</color>
    <color name="md_theme_surfaceContainerHighest">#F0DFD6</color>
    <color name="md_theme_primary_mediumContrast">#592900</color>
    <color name="md_theme_onPrimary_mediumContrast">#FFFFFF</color>
    <color name="md_theme_primaryContainer_mediumContrast">#954900</color>
    <color name="md_theme_onPrimaryContainer_mediumContrast">#FFFFFF</color>
    <color name="md_theme_secondary_mediumContrast">#502E14</color>
    <color name="md_theme_onSecondary_mediumContrast">#FFFFFF</color>
    <color name="md_theme_secondaryContainer_mediumContrast">#8F6345</color>
    <color name="md_theme_onSecondaryContainer_mediumContrast">#FFFFFF</color>
    <color name="md_theme_tertiary_mediumContrast">#363900</color>
    <color name="md_theme_onTertiary_mediumContrast">#FFFFFF</color>
    <color name="md_theme_tertiaryContainer_mediumContrast">#5E6200</color>
    <color name="md_theme_onTertiaryContainer_mediumContrast">#FFFFFF</color>
    <color name="md_theme_error_mediumContrast">#740006</color>
    <color name="md_theme_onError_mediumContrast">#FFFFFF</color>
    <color name="md_theme_errorContainer_mediumContrast">#CF2C27</color>
    <color name="md_theme_onErrorContainer_mediumContrast">#FFFFFF</color>
    <color name="md_theme_background_mediumContrast">#FFF8F5</color>
    <color name="md_theme_onBackground_mediumContrast">#221A15</color>
    <color name="md_theme_surface_mediumContrast">#FFF8F5</color>
    <color name="md_theme_onSurface_mediumContrast">#17100B</color>
    <color name="md_theme_surfaceVariant_mediumContrast">#F7DDCF</color>
    <color name="md_theme_onSurfaceVariant_mediumContrast">#433329</color>
    <color name="md_theme_outline_mediumContrast">#614F44</color>
    <color name="md_theme_outlineVariant_mediumContrast">#7D695D</color>
    <color name="md_theme_scrim_mediumContrast">#000000</color>
    <color name="md_theme_inverseSurface_mediumContrast">#382E29</color>
    <color name="md_theme_inverseOnSurface_mediumContrast">#FFEDE4</color>
    <color name="md_theme_inversePrimary_mediumContrast">#FFB786</color>
    <color name="md_theme_primaryFixed_mediumContrast">#A85712</color>
    <color name="md_theme_onPrimaryFixed_mediumContrast">#FFFFFF</color>
    <color name="md_theme_primaryFixedDim_mediumContrast">#874200</color>
    <color name="md_theme_onPrimaryFixedVariant_mediumContrast">#FFFFFF</color>
    <color name="md_theme_secondaryFixed_mediumContrast">#8F6345</color>
    <color name="md_theme_onSecondaryFixed_mediumContrast">#FFFFFF</color>
    <color name="md_theme_secondaryFixedDim_mediumContrast">#744B2F</color>
    <color name="md_theme_onSecondaryFixedVariant_mediumContrast">#FFFFFF</color>
    <color name="md_theme_tertiaryFixed_mediumContrast">#6D7214</color>
    <color name="md_theme_onTertiaryFixed_mediumContrast">#FFFFFF</color>
    <color name="md_theme_tertiaryFixedDim_mediumContrast">#555900</color>
    <color name="md_theme_onTertiaryFixedVariant_mediumContrast">#FFFFFF</color>
    <color name="md_theme_surfaceDim_mediumContrast">#D3C3BB</color>
    <color name="md_theme_surfaceBright_mediumContrast">#FFF8F5</color>
    <color name="md_theme_surfaceContainerLowest_mediumContrast">#FFFFFF</color>
    <color name="md_theme_surfaceContainerLow_mediumContrast">#FFF1EA</color>
    <color name="md_theme_surfaceContainer_mediumContrast">#F6E5DC</color>
    <color name="md_theme_surfaceContainerHigh_mediumContrast">#EADAD1</color>
    <color name="md_theme_surfaceContainerHighest_mediumContrast">#DFCEC6</color>
    <color name="md_theme_primary_highContrast">#4A2100</color>
    <color name="md_theme_onPrimary_highContrast">#FFFFFF</color>
    <color name="md_theme_primaryContainer_highContrast">#763800</color>
    <color name="md_theme_onPrimaryContainer_highContrast">#FFFFFF</color>
    <color name="md_theme_secondary_highContrast">#45240B</color>
    <color name="md_theme_onSecondary_highContrast">#FFFFFF</color>
    <color name="md_theme_secondaryContainer_highContrast">#674025</color>
    <color name="md_theme_onSecondaryContainer_highContrast">#FFFFFF</color>
    <color name="md_theme_tertiary_highContrast">#2C2E00</color>
    <color name="md_theme_onTertiary_highContrast">#FFFFFF</color>
    <color name="md_theme_tertiaryContainer_highContrast">#494D00</color>
    <color name="md_theme_onTertiaryContainer_highContrast">#FFFFFF</color>
    <color name="md_theme_error_highContrast">#600004</color>
    <color name="md_theme_onError_highContrast">#FFFFFF</color>
    <color name="md_theme_errorContainer_highContrast">#98000A</color>
    <color name="md_theme_onErrorContainer_highContrast">#FFFFFF</color>
    <color name="md_theme_background_highContrast">#FFF8F5</color>
    <color name="md_theme_onBackground_highContrast">#221A15</color>
    <color name="md_theme_surface_highContrast">#FFF8F5</color>
    <color name="md_theme_onSurface_highContrast">#000000</color>
    <color name="md_theme_surfaceVariant_highContrast">#F7DDCF</color>
    <color name="md_theme_onSurfaceVariant_highContrast">#000000</color>
    <color name="md_theme_outline_highContrast">#38291F</color>
    <color name="md_theme_outlineVariant_highContrast">#57463B</color>
    <color name="md_theme_scrim_highContrast">#000000</color>
    <color name="md_theme_inverseSurface_highContrast">#382E29</color>
    <color name="md_theme_inverseOnSurface_highContrast">#FFFFFF</color>
    <color name="md_theme_inversePrimary_highContrast">#FFB786</color>
    <color name="md_theme_primaryFixed_highContrast">#763800</color>
    <color name="md_theme_onPrimaryFixed_highContrast">#FFFFFF</color>
    <color name="md_theme_primaryFixedDim_highContrast">#542600</color>
    <color name="md_theme_onPrimaryFixedVariant_highContrast">#FFFFFF</color>
    <color name="md_theme_secondaryFixed_highContrast">#674025</color>
    <color name="md_theme_onSecondaryFixed_highContrast">#FFFFFF</color>
    <color name="md_theme_secondaryFixedDim_highContrast">#4C2A11</color>
    <color name="md_theme_onSecondaryFixedVariant_highContrast">#FFFFFF</color>
    <color name="md_theme_tertiaryFixed_highContrast">#494D00</color>
    <color name="md_theme_onTertiaryFixed_highContrast">#FFFFFF</color>
    <color name="md_theme_tertiaryFixedDim_highContrast">#333500</color>
    <color name="md_theme_onTertiaryFixedVariant_highContrast">#FFFFFF</color>
    <color name="md_theme_surfaceDim_highContrast">#C5B6AD</color>
    <color name="md_theme_surfaceBright_highContrast">#FFF8F5</color>
    <color name="md_theme_surfaceContainerLowest_highContrast">#FFFFFF</color>
    <color name="md_theme_surfaceContainerLow_highContrast">#FFEDE4</color>
    <color name="md_theme_surfaceContainer_highContrast">#F0DFD6</color>
    <color name="md_theme_surfaceContainerHigh_highContrast">#E2D1C9</color>
    <color name="md_theme_surfaceContainerHighest_highContrast">#D3C3BB</color>
    <color name="colorCustomColor1">#53634F</color>
    <color name="colorOnCustomColor1">#FFFFFF</color>
    <color name="colorCustomColor1Container">#CADBC2</color>
    <color name="colorOnCustomColor1Container">#51614D</color>
    <color name="colorCustomColor1_mediumContrast">#2C3A28</color>
    <color name="colorOnCustomColor1_mediumContrast">#FFFFFF</color>
    <color name="colorCustomColor1Container_mediumContrast">#62715D</color>
    <color name="colorOnCustomColor1Container_mediumContrast">#FFFFFF</color>
    <color name="colorCustomColor1_highContrast">#22301F</color>
    <color name="colorOnCustomColor1_highContrast">#FFFFFF</color>
    <color name="colorCustomColor1Container_highContrast">#3E4D3A</color>
    <color name="colorOnCustomColor1Container_highContrast">#FFFFFF</color>
</resources>
