<resources>
    <color name="md_theme_primary">#9E3D17</color>
    <color name="md_theme_onPrimary">#FFFFFF</color>
    <color name="md_theme_primaryContainer">#BE552D</color>
    <color name="md_theme_onPrimaryContainer">#FFFBFF</color>
    <color name="md_theme_secondary">#86513E</color>
    <color name="md_theme_onSecondary">#FFFFFF</color>
    <color name="md_theme_secondaryContainer">#FFB9A1</color>
    <color name="md_theme_onSecondaryContainer">#7A4735</color>
    <color name="md_theme_tertiary">#6D5E00</color>
    <color name="md_theme_onTertiary">#FFFFFF</color>
    <color name="md_theme_tertiaryContainer">#C1AB39</color>
    <color name="md_theme_onTertiaryContainer">#4A3F00</color>
    <color name="md_theme_error">#BA1A1A</color>
    <color name="md_theme_onError">#FFFFFF</color>
    <color name="md_theme_errorContainer">#FFDAD6</color>
    <color name="md_theme_onErrorContainer">#93000A</color>
    <color name="md_theme_background">#FFF8F6</color>
    <color name="md_theme_onBackground">#241916</color>
    <color name="md_theme_surface">#FFF8F6</color>
    <color name="md_theme_onSurface">#241916</color>
    <color name="md_theme_surfaceVariant">#FBDCD2</color>
    <color name="md_theme_onSurfaceVariant">#57423B</color>
    <color name="md_theme_outline">#8A726A</color>
    <color name="md_theme_outlineVariant">#DDC0B7</color>
    <color name="md_theme_scrim">#000000</color>
    <color name="md_theme_inverseSurface">#3A2E2A</color>
    <color name="md_theme_inverseOnSurface">#FFEDE8</color>
    <color name="md_theme_inversePrimary">#FFB59C</color>
    <color name="md_theme_primaryFixed">#FFDBCF</color>
    <color name="md_theme_onPrimaryFixed">#390C00</color>
    <color name="md_theme_primaryFixedDim">#FFB59C</color>
    <color name="md_theme_onPrimaryFixedVariant">#812902</color>
    <color name="md_theme_secondaryFixed">#FFDBCF</color>
    <color name="md_theme_onSecondaryFixed">#351004</color>
    <color name="md_theme_secondaryFixedDim">#FCB69F</color>
    <color name="md_theme_onSecondaryFixedVariant">#6A3A29</color>
    <color name="md_theme_tertiaryFixed">#FBE36B</color>
    <color name="md_theme_onTertiaryFixed">#211B00</color>
    <color name="md_theme_tertiaryFixedDim">#DEC652</color>
    <color name="md_theme_onTertiaryFixedVariant">#524600</color>
    <color name="md_theme_surfaceDim">#EAD6D0</color>
    <color name="md_theme_surfaceBright">#FFF8F6</color>
    <color name="md_theme_surfaceContainerLowest">#FFFFFF</color>
    <color name="md_theme_surfaceContainerLow">#FFF1ED</color>
    <color name="md_theme_surfaceContainer">#FEEAE3</color>
    <color name="md_theme_surfaceContainerHigh">#F9E4DE</color>
    <color name="md_theme_surfaceContainerHighest">#F3DED8</color>
    <color name="md_theme_primary_mediumContrast">#661D00</color>
    <color name="md_theme_onPrimary_mediumContrast">#FFFFFF</color>
    <color name="md_theme_primaryContainer_mediumContrast">#B44D26</color>
    <color name="md_theme_onPrimaryContainer_mediumContrast">#FFFFFF</color>
    <color name="md_theme_secondary_mediumContrast">#562A1A</color>
    <color name="md_theme_onSecondary_mediumContrast">#FFFFFF</color>
    <color name="md_theme_secondaryContainer_mediumContrast">#975F4C</color>
    <color name="md_theme_onSecondaryContainer_mediumContrast">#FFFFFF</color>
    <color name="md_theme_tertiary_mediumContrast">#3F3600</color>
    <color name="md_theme_onTertiary_mediumContrast">#FFFFFF</color>
    <color name="md_theme_tertiaryContainer_mediumContrast">#7E6D00</color>
    <color name="md_theme_onTertiaryContainer_mediumContrast">#FFFFFF</color>
    <color name="md_theme_error_mediumContrast">#740006</color>
    <color name="md_theme_onError_mediumContrast">#FFFFFF</color>
    <color name="md_theme_errorContainer_mediumContrast">#CF2C27</color>
    <color name="md_theme_onErrorContainer_mediumContrast">#FFFFFF</color>
    <color name="md_theme_background_mediumContrast">#FFF8F6</color>
    <color name="md_theme_onBackground_mediumContrast">#241916</color>
    <color name="md_theme_surface_mediumContrast">#FFF8F6</color>
    <color name="md_theme_onSurface_mediumContrast">#180F0C</color>
    <color name="md_theme_surfaceVariant_mediumContrast">#FBDCD2</color>
    <color name="md_theme_onSurfaceVariant_mediumContrast">#45322B</color>
    <color name="md_theme_outline_mediumContrast">#634E47</color>
    <color name="md_theme_outlineVariant_mediumContrast">#7F6860</color>
    <color name="md_theme_scrim_mediumContrast">#000000</color>
    <color name="md_theme_inverseSurface_mediumContrast">#3A2E2A</color>
    <color name="md_theme_inverseOnSurface_mediumContrast">#FFEDE8</color>
    <color name="md_theme_inversePrimary_mediumContrast">#FFB59C</color>
    <color name="md_theme_primaryFixed_mediumContrast">#B44D26</color>
    <color name="md_theme_onPrimaryFixed_mediumContrast">#FFFFFF</color>
    <color name="md_theme_primaryFixedDim_mediumContrast">#943610</color>
    <color name="md_theme_onPrimaryFixedVariant_mediumContrast">#FFFFFF</color>
    <color name="md_theme_secondaryFixed_mediumContrast">#975F4C</color>
    <color name="md_theme_onSecondaryFixed_mediumContrast">#FFFFFF</color>
    <color name="md_theme_secondaryFixedDim_mediumContrast">#7B4735</color>
    <color name="md_theme_onSecondaryFixedVariant_mediumContrast">#FFFFFF</color>
    <color name="md_theme_tertiaryFixed_mediumContrast">#7E6D00</color>
    <color name="md_theme_onTertiaryFixed_mediumContrast">#FFFFFF</color>
    <color name="md_theme_tertiaryFixedDim_mediumContrast">#625400</color>
    <color name="md_theme_onTertiaryFixedVariant_mediumContrast">#FFFFFF</color>
    <color name="md_theme_surfaceDim_mediumContrast">#D6C2BD</color>
    <color name="md_theme_surfaceBright_mediumContrast">#FFF8F6</color>
    <color name="md_theme_surfaceContainerLowest_mediumContrast">#FFFFFF</color>
    <color name="md_theme_surfaceContainerLow_mediumContrast">#FFF1ED</color>
    <color name="md_theme_surfaceContainer_mediumContrast">#F9E4DE</color>
    <color name="md_theme_surfaceContainerHigh_mediumContrast">#EDD9D3</color>
    <color name="md_theme_surfaceContainerHighest_mediumContrast">#E1CDC7</color>
    <color name="md_theme_primary_highContrast">#551700</color>
    <color name="md_theme_onPrimary_highContrast">#FFFFFF</color>
    <color name="md_theme_primaryContainer_highContrast">#842B04</color>
    <color name="md_theme_onPrimaryContainer_highContrast">#FFFFFF</color>
    <color name="md_theme_secondary_highContrast">#4A2011</color>
    <color name="md_theme_onSecondary_highContrast">#FFFFFF</color>
    <color name="md_theme_secondaryContainer_highContrast">#6D3C2B</color>
    <color name="md_theme_onSecondaryContainer_highContrast">#FFFFFF</color>
    <color name="md_theme_tertiary_highContrast">#342C00</color>
    <color name="md_theme_onTertiary_highContrast">#FFFFFF</color>
    <color name="md_theme_tertiaryContainer_highContrast">#554900</color>
    <color name="md_theme_onTertiaryContainer_highContrast">#FFFFFF</color>
    <color name="md_theme_error_highContrast">#600004</color>
    <color name="md_theme_onError_highContrast">#FFFFFF</color>
    <color name="md_theme_errorContainer_highContrast">#98000A</color>
    <color name="md_theme_onErrorContainer_highContrast">#FFFFFF</color>
    <color name="md_theme_background_highContrast">#FFF8F6</color>
    <color name="md_theme_onBackground_highContrast">#241916</color>
    <color name="md_theme_surface_highContrast">#FFF8F6</color>
    <color name="md_theme_onSurface_highContrast">#000000</color>
    <color name="md_theme_surfaceVariant_highContrast">#FBDCD2</color>
    <color name="md_theme_onSurfaceVariant_highContrast">#000000</color>
    <color name="md_theme_outline_highContrast">#3A2822</color>
    <color name="md_theme_outlineVariant_highContrast">#59443E</color>
    <color name="md_theme_scrim_highContrast">#000000</color>
    <color name="md_theme_inverseSurface_highContrast">#3A2E2A</color>
    <color name="md_theme_inverseOnSurface_highContrast">#FFFFFF</color>
    <color name="md_theme_inversePrimary_highContrast">#FFB59C</color>
    <color name="md_theme_primaryFixed_highContrast">#842B04</color>
    <color name="md_theme_onPrimaryFixed_highContrast">#FFFFFF</color>
    <color name="md_theme_primaryFixedDim_highContrast">#601B00</color>
    <color name="md_theme_onPrimaryFixedVariant_highContrast">#FFFFFF</color>
    <color name="md_theme_secondaryFixed_highContrast">#6D3C2B</color>
    <color name="md_theme_onSecondaryFixed_highContrast">#FFFFFF</color>
    <color name="md_theme_secondaryFixedDim_highContrast">#522617</color>
    <color name="md_theme_onSecondaryFixedVariant_highContrast">#FFFFFF</color>
    <color name="md_theme_tertiaryFixed_highContrast">#554900</color>
    <color name="md_theme_onTertiaryFixed_highContrast">#FFFFFF</color>
    <color name="md_theme_tertiaryFixedDim_highContrast">#3B3200</color>
    <color name="md_theme_onTertiaryFixedVariant_highContrast">#FFFFFF</color>
    <color name="md_theme_surfaceDim_highContrast">#C8B5AF</color>
    <color name="md_theme_surfaceBright_highContrast">#FFF8F6</color>
    <color name="md_theme_surfaceContainerLowest_highContrast">#FFFFFF</color>
    <color name="md_theme_surfaceContainerLow_highContrast">#FFEDE8</color>
    <color name="md_theme_surfaceContainer_highContrast">#F3DED8</color>
    <color name="md_theme_surfaceContainerHigh_highContrast">#E4D0CA</color>
    <color name="md_theme_surfaceContainerHighest_highContrast">#D6C2BD</color>
    <color name="colorCustomColor1">#39274A</color>
    <color name="colorOnCustomColor1">#FFFFFF</color>
    <color name="colorCustomColor1Container">#503D62</color>
    <color name="colorOnCustomColor1Container">#C1A9D5</color>
    <color name="colorCustomColor1_mediumContrast">#39274A</color>
    <color name="colorOnCustomColor1_mediumContrast">#FFFFFF</color>
    <color name="colorCustomColor1Container_mediumContrast">#503D62</color>
    <color name="colorOnCustomColor1Container_mediumContrast">#ECD4FF</color>
    <color name="colorCustomColor1_highContrast">#362448</color>
    <color name="colorOnCustomColor1_highContrast">#FFFFFF</color>
    <color name="colorCustomColor1Container_highContrast">#503D62</color>
    <color name="colorOnCustomColor1Container_highContrast">#FFFFFF</color>
</resources>
