<resources>
    <color name="md_theme_primary">#800095</color>
    <color name="md_theme_onPrimary">#FFFFFF</color>
    <color name="md_theme_primaryContainer">#A602C1</color>
    <color name="md_theme_onPrimaryContainer">#FFCEFF</color>
    <color name="md_theme_secondary">#894293</color>
    <color name="md_theme_onSecondary">#FFFFFF</color>
    <color name="md_theme_secondaryContainer">#F6A4FD</color>
    <color name="md_theme_onSecondaryContainer">#773182</color>
    <color name="md_theme_tertiary">#94004B</color>
    <color name="md_theme_onTertiary">#FFFFFF</color>
    <color name="md_theme_tertiaryContainer">#BF0363</color>
    <color name="md_theme_onTertiaryContainer">#FFD2DD</color>
    <color name="md_theme_error">#BA1A1A</color>
    <color name="md_theme_onError">#FFFFFF</color>
    <color name="md_theme_errorContainer">#FFDAD6</color>
    <color name="md_theme_onErrorContainer">#93000A</color>
    <color name="md_theme_background">#FFF7FA</color>
    <color name="md_theme_onBackground">#221822</color>
    <color name="md_theme_surface">#FFF7FA</color>
    <color name="md_theme_onSurface">#221822</color>
    <color name="md_theme_surfaceVariant">#F3DCF0</color>
    <color name="md_theme_onSurfaceVariant">#524251</color>
    <color name="md_theme_outline">#847183</color>
    <color name="md_theme_outlineVariant">#D6C0D3</color>
    <color name="md_theme_scrim">#000000</color>
    <color name="md_theme_inverseSurface">#382D37</color>
    <color name="md_theme_inverseOnSurface">#FDECFA</color>
    <color name="md_theme_inversePrimary">#F9ACFF</color>
    <color name="md_theme_primaryFixed">#FFD6FE</color>
    <color name="md_theme_onPrimaryFixed">#35003F</color>
    <color name="md_theme_primaryFixedDim">#F9ACFF</color>
    <color name="md_theme_onPrimaryFixedVariant">#7B0090</color>
    <color name="md_theme_secondaryFixed">#FFD6FE</color>
    <color name="md_theme_onSecondaryFixed">#35003F</color>
    <color name="md_theme_secondaryFixedDim">#F9ACFF</color>
    <color name="md_theme_onSecondaryFixedVariant">#6E2879</color>
    <color name="md_theme_tertiaryFixed">#FFD9E2</color>
    <color name="md_theme_onTertiaryFixed">#3F001C</color>
    <color name="md_theme_tertiaryFixedDim">#FFB1C7</color>
    <color name="md_theme_onTertiaryFixedVariant">#8E0048</color>
    <color name="md_theme_surfaceDim">#E6D5E3</color>
    <color name="md_theme_surfaceBright">#FFF7FA</color>
    <color name="md_theme_surfaceContainerLowest">#FFFFFF</color>
    <color name="md_theme_surfaceContainerLow">#FFEFFB</color>
    <color name="md_theme_surfaceContainer">#FBE9F7</color>
    <color name="md_theme_surfaceContainerHigh">#F5E3F1</color>
    <color name="md_theme_surfaceContainerHighest">#EFDDEB</color>
    <color name="md_theme_primary_mediumContrast">#600071</color>
    <color name="md_theme_onPrimary_mediumContrast">#FFFFFF</color>
    <color name="md_theme_primaryContainer_mediumContrast">#A602C1</color>
    <color name="md_theme_onPrimaryContainer_mediumContrast">#FFFFFF</color>
    <color name="md_theme_secondary_mediumContrast">#5B1467</color>
    <color name="md_theme_onSecondary_mediumContrast">#FFFFFF</color>
    <color name="md_theme_secondaryContainer_mediumContrast">#9951A3</color>
    <color name="md_theme_onSecondaryContainer_mediumContrast">#FFFFFF</color>
    <color name="md_theme_tertiary_mediumContrast">#700037</color>
    <color name="md_theme_onTertiary_mediumContrast">#FFFFFF</color>
    <color name="md_theme_tertiaryContainer_mediumContrast">#BF0363</color>
    <color name="md_theme_onTertiaryContainer_mediumContrast">#FFFFFF</color>
    <color name="md_theme_error_mediumContrast">#740006</color>
    <color name="md_theme_onError_mediumContrast">#FFFFFF</color>
    <color name="md_theme_errorContainer_mediumContrast">#CF2C27</color>
    <color name="md_theme_onErrorContainer_mediumContrast">#FFFFFF</color>
    <color name="md_theme_background_mediumContrast">#FFF7FA</color>
    <color name="md_theme_onBackground_mediumContrast">#221822</color>
    <color name="md_theme_surface_mediumContrast">#FFF7FA</color>
    <color name="md_theme_onSurface_mediumContrast">#170E17</color>
    <color name="md_theme_surfaceVariant_mediumContrast">#F3DCF0</color>
    <color name="md_theme_onSurfaceVariant_mediumContrast">#403140</color>
    <color name="md_theme_outline_mediumContrast">#5E4D5D</color>
    <color name="md_theme_outlineVariant_mediumContrast">#796779</color>
    <color name="md_theme_scrim_mediumContrast">#000000</color>
    <color name="md_theme_inverseSurface_mediumContrast">#382D37</color>
    <color name="md_theme_inverseOnSurface_mediumContrast">#FDECFA</color>
    <color name="md_theme_inversePrimary_mediumContrast">#F9ACFF</color>
    <color name="md_theme_primaryFixed_mediumContrast">#B421CE</color>
    <color name="md_theme_onPrimaryFixed_mediumContrast">#FFFFFF</color>
    <color name="md_theme_primaryFixedDim_mediumContrast">#9200AA</color>
    <color name="md_theme_onPrimaryFixedVariant_mediumContrast">#FFFFFF</color>
    <color name="md_theme_secondaryFixed_mediumContrast">#9951A3</color>
    <color name="md_theme_onSecondaryFixed_mediumContrast">#FFFFFF</color>
    <color name="md_theme_secondaryFixedDim_mediumContrast">#7E3889</color>
    <color name="md_theme_onSecondaryFixedVariant_mediumContrast">#FFFFFF</color>
    <color name="md_theme_tertiaryFixed_mediumContrast">#CF1C6F</color>
    <color name="md_theme_onTertiaryFixed_mediumContrast">#FFFFFF</color>
    <color name="md_theme_tertiaryFixedDim_mediumContrast">#A80056</color>
    <color name="md_theme_onTertiaryFixedVariant_mediumContrast">#FFFFFF</color>
    <color name="md_theme_surfaceDim_mediumContrast">#D2C2CF</color>
    <color name="md_theme_surfaceBright_mediumContrast">#FFF7FA</color>
    <color name="md_theme_surfaceContainerLowest_mediumContrast">#FFFFFF</color>
    <color name="md_theme_surfaceContainerLow_mediumContrast">#FFEFFB</color>
    <color name="md_theme_surfaceContainer_mediumContrast">#F5E3F1</color>
    <color name="md_theme_surfaceContainerHigh_mediumContrast">#E9D8E6</color>
    <color name="md_theme_surfaceContainerHighest_mediumContrast">#DECDDA</color>
    <color name="md_theme_primary_highContrast">#50005E</color>
    <color name="md_theme_onPrimary_highContrast">#FFFFFF</color>
    <color name="md_theme_primaryContainer_highContrast">#7F0094</color>
    <color name="md_theme_onPrimaryContainer_highContrast">#FFFFFF</color>
    <color name="md_theme_secondary_highContrast">#4F045C</color>
    <color name="md_theme_onSecondary_highContrast">#FFFFFF</color>
    <color name="md_theme_secondaryContainer_highContrast">#712B7C</color>
    <color name="md_theme_onSecondaryContainer_highContrast">#FFFFFF</color>
    <color name="md_theme_tertiary_highContrast">#5D002D</color>
    <color name="md_theme_onTertiary_highContrast">#FFFFFF</color>
    <color name="md_theme_tertiaryContainer_highContrast">#93004A</color>
    <color name="md_theme_onTertiaryContainer_highContrast">#FFFFFF</color>
    <color name="md_theme_error_highContrast">#600004</color>
    <color name="md_theme_onError_highContrast">#FFFFFF</color>
    <color name="md_theme_errorContainer_highContrast">#98000A</color>
    <color name="md_theme_onErrorContainer_highContrast">#FFFFFF</color>
    <color name="md_theme_background_highContrast">#FFF7FA</color>
    <color name="md_theme_onBackground_highContrast">#221822</color>
    <color name="md_theme_surface_highContrast">#FFF7FA</color>
    <color name="md_theme_onSurface_highContrast">#000000</color>
    <color name="md_theme_surfaceVariant_highContrast">#F3DCF0</color>
    <color name="md_theme_onSurfaceVariant_highContrast">#000000</color>
    <color name="md_theme_outline_highContrast">#362736</color>
    <color name="md_theme_outlineVariant_highContrast">#544454</color>
    <color name="md_theme_scrim_highContrast">#000000</color>
    <color name="md_theme_inverseSurface_highContrast">#382D37</color>
    <color name="md_theme_inverseOnSurface_highContrast">#FFFFFF</color>
    <color name="md_theme_inversePrimary_highContrast">#F9ACFF</color>
    <color name="md_theme_primaryFixed_highContrast">#7F0094</color>
    <color name="md_theme_onPrimaryFixed_highContrast">#FFFFFF</color>
    <color name="md_theme_primaryFixedDim_highContrast">#5B006A</color>
    <color name="md_theme_onPrimaryFixedVariant_highContrast">#FFFFFF</color>
    <color name="md_theme_secondaryFixed_highContrast">#712B7C</color>
    <color name="md_theme_onSecondaryFixed_highContrast">#FFFFFF</color>
    <color name="md_theme_secondaryFixedDim_highContrast">#570F63</color>
    <color name="md_theme_onSecondaryFixedVariant_highContrast">#FFFFFF</color>
    <color name="md_theme_tertiaryFixed_highContrast">#93004A</color>
    <color name="md_theme_onTertiaryFixed_highContrast">#FFFFFF</color>
    <color name="md_theme_tertiaryFixedDim_highContrast">#690034</color>
    <color name="md_theme_onTertiaryFixedVariant_highContrast">#FFFFFF</color>
    <color name="md_theme_surfaceDim_highContrast">#C4B4C1</color>
    <color name="md_theme_surfaceBright_highContrast">#FFF7FA</color>
    <color name="md_theme_surfaceContainerLowest_highContrast">#FFFFFF</color>
    <color name="md_theme_surfaceContainerLow_highContrast">#FDECFA</color>
    <color name="md_theme_surfaceContainer_highContrast">#EFDDEB</color>
    <color name="md_theme_surfaceContainerHigh_highContrast">#E0CFDD</color>
    <color name="md_theme_surfaceContainerHighest_highContrast">#D2C2CF</color>
    <color name="colorCustomColor1">#49626F</color>
    <color name="colorOnCustomColor1">#FFFFFF</color>
    <color name="colorCustomColor1Container">#AEC8D7</color>
    <color name="colorOnCustomColor1Container">#3C5461</color>
    <color name="colorCustomColor1_mediumContrast">#203945</color>
    <color name="colorOnCustomColor1_mediumContrast">#FFFFFF</color>
    <color name="colorCustomColor1Container_mediumContrast">#58717E</color>
    <color name="colorOnCustomColor1Container_mediumContrast">#FFFFFF</color>
    <color name="colorCustomColor1_highContrast">#162F3B</color>
    <color name="colorOnCustomColor1_highContrast">#FFFFFF</color>
    <color name="colorCustomColor1Container_highContrast">#344C59</color>
    <color name="colorOnCustomColor1Container_highContrast">#FFFFFF</color>
</resources>
