<resources>
    <color name="md_theme_primary">#6D5E00</color>
    <color name="md_theme_onPrimary">#FFFFFF</color>
    <color name="md_theme_primaryContainer">#F8DC4A</color>
    <color name="md_theme_onPrimaryContainer">#6F6000</color>
    <color name="md_theme_secondary">#695E28</color>
    <color name="md_theme_onSecondary">#FFFFFF</color>
    <color name="md_theme_secondaryContainer">#F0E09D</color>
    <color name="md_theme_onSecondaryContainer">#6E632C</color>
    <color name="md_theme_tertiary">#486800</color>
    <color name="md_theme_onTertiary">#FFFFFF</color>
    <color name="md_theme_tertiaryContainer">#C0EB73</color>
    <color name="md_theme_onTertiaryContainer">#4A6A00</color>
    <color name="md_theme_error">#BA1A1A</color>
    <color name="md_theme_onError">#FFFFFF</color>
    <color name="md_theme_errorContainer">#FFDAD6</color>
    <color name="md_theme_onErrorContainer">#93000A</color>
    <color name="md_theme_background">#FFF9ED</color>
    <color name="md_theme_onBackground">#1E1C12</color>
    <color name="md_theme_surface">#FFF9ED</color>
    <color name="md_theme_onSurface">#1E1C12</color>
    <color name="md_theme_surfaceVariant">#EBE2C9</color>
    <color name="md_theme_onSurfaceVariant">#4B4734</color>
    <color name="md_theme_outline">#7D7762</color>
    <color name="md_theme_outlineVariant">#CEC6AE</color>
    <color name="md_theme_scrim">#000000</color>
    <color name="md_theme_inverseSurface">#333026</color>
    <color name="md_theme_inverseOnSurface">#F7F0E0</color>
    <color name="md_theme_inversePrimary">#E1C635</color>
    <color name="md_theme_primaryFixed">#FFE250</color>
    <color name="md_theme_onPrimaryFixed">#211B00</color>
    <color name="md_theme_primaryFixedDim">#E1C635</color>
    <color name="md_theme_onPrimaryFixedVariant">#524600</color>
    <color name="md_theme_secondaryFixed">#F3E3A0</color>
    <color name="md_theme_onSecondaryFixed">#211B00</color>
    <color name="md_theme_secondaryFixedDim">#D6C786</color>
    <color name="md_theme_onSecondaryFixedVariant">#514713</color>
    <color name="md_theme_tertiaryFixed">#C6F178</color>
    <color name="md_theme_onTertiaryFixed">#131F00</color>
    <color name="md_theme_tertiaryFixedDim">#ABD45F</color>
    <color name="md_theme_onTertiaryFixedVariant">#354E00</color>
    <color name="md_theme_surfaceDim">#E0DACA</color>
    <color name="md_theme_surfaceBright">#FFF9ED</color>
    <color name="md_theme_surfaceContainerLowest">#FFFFFF</color>
    <color name="md_theme_surfaceContainerLow">#FAF3E3</color>
    <color name="md_theme_surfaceContainer">#F4EDDE</color>
    <color name="md_theme_surfaceContainerHigh">#EEE8D8</color>
    <color name="md_theme_surfaceContainerHighest">#E9E2D2</color>
    <color name="md_theme_primary_mediumContrast">#3F3600</color>
    <color name="md_theme_onPrimary_mediumContrast">#FFFFFF</color>
    <color name="md_theme_primaryContainer_mediumContrast">#7E6D00</color>
    <color name="md_theme_onPrimaryContainer_mediumContrast">#FFFFFF</color>
    <color name="md_theme_secondary_mediumContrast">#3F3603</color>
    <color name="md_theme_onSecondary_mediumContrast">#FFFFFF</color>
    <color name="md_theme_secondaryContainer_mediumContrast">#796D36</color>
    <color name="md_theme_onSecondaryContainer_mediumContrast">#FFFFFF</color>
    <color name="md_theme_tertiary_mediumContrast">#283C00</color>
    <color name="md_theme_onTertiary_mediumContrast">#FFFFFF</color>
    <color name="md_theme_tertiaryContainer_mediumContrast">#547804</color>
    <color name="md_theme_onTertiaryContainer_mediumContrast">#FFFFFF</color>
    <color name="md_theme_error_mediumContrast">#740006</color>
    <color name="md_theme_onError_mediumContrast">#FFFFFF</color>
    <color name="md_theme_errorContainer_mediumContrast">#CF2C27</color>
    <color name="md_theme_onErrorContainer_mediumContrast">#FFFFFF</color>
    <color name="md_theme_background_mediumContrast">#FFF9ED</color>
    <color name="md_theme_onBackground_mediumContrast">#1E1C12</color>
    <color name="md_theme_surface_mediumContrast">#FFF9ED</color>
    <color name="md_theme_onSurface_mediumContrast">#131108</color>
    <color name="md_theme_surfaceVariant_mediumContrast">#EBE2C9</color>
    <color name="md_theme_onSurfaceVariant_mediumContrast">#3A3625</color>
    <color name="md_theme_outline_mediumContrast">#57523F</color>
    <color name="md_theme_outlineVariant_mediumContrast">#736D58</color>
    <color name="md_theme_scrim_mediumContrast">#000000</color>
    <color name="md_theme_inverseSurface_mediumContrast">#333026</color>
    <color name="md_theme_inverseOnSurface_mediumContrast">#F7F0E0</color>
    <color name="md_theme_inversePrimary_mediumContrast">#E1C635</color>
    <color name="md_theme_primaryFixed_mediumContrast">#7E6D00</color>
    <color name="md_theme_onPrimaryFixed_mediumContrast">#FFFFFF</color>
    <color name="md_theme_primaryFixedDim_mediumContrast">#625400</color>
    <color name="md_theme_onPrimaryFixedVariant_mediumContrast">#FFFFFF</color>
    <color name="md_theme_secondaryFixed_mediumContrast">#796D36</color>
    <color name="md_theme_onSecondaryFixed_mediumContrast">#FFFFFF</color>
    <color name="md_theme_secondaryFixedDim_mediumContrast">#5F5520</color>
    <color name="md_theme_onSecondaryFixedVariant_mediumContrast">#FFFFFF</color>
    <color name="md_theme_tertiaryFixed_mediumContrast">#547804</color>
    <color name="md_theme_onTertiaryFixed_mediumContrast">#FFFFFF</color>
    <color name="md_theme_tertiaryFixedDim_mediumContrast">#405D00</color>
    <color name="md_theme_onTertiaryFixedVariant_mediumContrast">#FFFFFF</color>
    <color name="md_theme_surfaceDim_mediumContrast">#CCC6B7</color>
    <color name="md_theme_surfaceBright_mediumContrast">#FFF9ED</color>
    <color name="md_theme_surfaceContainerLowest_mediumContrast">#FFFFFF</color>
    <color name="md_theme_surfaceContainerLow_mediumContrast">#FAF3E3</color>
    <color name="md_theme_surfaceContainer_mediumContrast">#EEE8D8</color>
    <color name="md_theme_surfaceContainerHigh_mediumContrast">#E3DCCD</color>
    <color name="md_theme_surfaceContainerHighest_mediumContrast">#D7D1C2</color>
    <color name="md_theme_primary_highContrast">#342C00</color>
    <color name="md_theme_onPrimary_highContrast">#FFFFFF</color>
    <color name="md_theme_primaryContainer_highContrast">#554900</color>
    <color name="md_theme_onPrimaryContainer_highContrast">#FFFFFF</color>
    <color name="md_theme_secondary_highContrast">#342C00</color>
    <color name="md_theme_onSecondary_highContrast">#FFFFFF</color>
    <color name="md_theme_secondaryContainer_highContrast">#534915</color>
    <color name="md_theme_onSecondaryContainer_highContrast">#FFFFFF</color>
    <color name="md_theme_tertiary_highContrast">#203100</color>
    <color name="md_theme_onTertiary_highContrast">#FFFFFF</color>
    <color name="md_theme_tertiaryContainer_highContrast">#375100</color>
    <color name="md_theme_onTertiaryContainer_highContrast">#FFFFFF</color>
    <color name="md_theme_error_highContrast">#600004</color>
    <color name="md_theme_onError_highContrast">#FFFFFF</color>
    <color name="md_theme_errorContainer_highContrast">#98000A</color>
    <color name="md_theme_onErrorContainer_highContrast">#FFFFFF</color>
    <color name="md_theme_background_highContrast">#FFF9ED</color>
    <color name="md_theme_onBackground_highContrast">#1E1C12</color>
    <color name="md_theme_surface_highContrast">#FFF9ED</color>
    <color name="md_theme_onSurface_highContrast">#000000</color>
    <color name="md_theme_surfaceVariant_highContrast">#EBE2C9</color>
    <color name="md_theme_onSurfaceVariant_highContrast">#000000</color>
    <color name="md_theme_outline_highContrast">#302C1B</color>
    <color name="md_theme_outlineVariant_highContrast">#4E4936</color>
    <color name="md_theme_scrim_highContrast">#000000</color>
    <color name="md_theme_inverseSurface_highContrast">#333026</color>
    <color name="md_theme_inverseOnSurface_highContrast">#FFFFFF</color>
    <color name="md_theme_inversePrimary_highContrast">#E1C635</color>
    <color name="md_theme_primaryFixed_highContrast">#554900</color>
    <color name="md_theme_onPrimaryFixed_highContrast">#FFFFFF</color>
    <color name="md_theme_primaryFixedDim_highContrast">#3B3200</color>
    <color name="md_theme_onPrimaryFixedVariant_highContrast">#FFFFFF</color>
    <color name="md_theme_secondaryFixed_highContrast">#534915</color>
    <color name="md_theme_onSecondaryFixed_highContrast">#FFFFFF</color>
    <color name="md_theme_secondaryFixedDim_highContrast">#3B3201</color>
    <color name="md_theme_onSecondaryFixedVariant_highContrast">#FFFFFF</color>
    <color name="md_theme_tertiaryFixed_highContrast">#375100</color>
    <color name="md_theme_onTertiaryFixed_highContrast">#FFFFFF</color>
    <color name="md_theme_tertiaryFixedDim_highContrast">#253800</color>
    <color name="md_theme_onTertiaryFixedVariant_highContrast">#FFFFFF</color>
    <color name="md_theme_surfaceDim_highContrast">#BEB8AA</color>
    <color name="md_theme_surfaceBright_highContrast">#FFF9ED</color>
    <color name="md_theme_surfaceContainerLowest_highContrast">#FFFFFF</color>
    <color name="md_theme_surfaceContainerLow_highContrast">#F7F0E0</color>
    <color name="md_theme_surfaceContainer_highContrast">#E9E2D2</color>
    <color name="md_theme_surfaceContainerHigh_highContrast">#DAD4C5</color>
    <color name="md_theme_surfaceContainerHighest_highContrast">#CCC6B7</color>
    <color name="colorCustomColor1">#5D5741</color>
    <color name="colorOnCustomColor1">#FFFFFF</color>
    <color name="colorCustomColor1Container">#766F58</color>
    <color name="colorOnCustomColor1Container">#FEF3D7</color>
    <color name="colorCustomColor1_mediumContrast">#3B3623</color>
    <color name="colorOnCustomColor1_mediumContrast">#FFFFFF</color>
    <color name="colorCustomColor1Container_mediumContrast">#746D56</color>
    <color name="colorOnCustomColor1Container_mediumContrast">#FFFFFF</color>
    <color name="colorCustomColor1_highContrast">#312C19</color>
    <color name="colorOnCustomColor1_highContrast">#FFFFFF</color>
    <color name="colorCustomColor1Container_highContrast">#4F4934</color>
    <color name="colorOnCustomColor1Container_highContrast">#FFFFFF</color>
</resources>
