<resources>
    <color name="md_theme_primary">#6D5E0A</color>
    <color name="md_theme_onPrimary">#FFFFFF</color>
    <color name="md_theme_primaryContainer">#DECA6F</color>
    <color name="md_theme_onPrimaryContainer">#625400</color>
    <color name="md_theme_secondary">#675E3B</color>
    <color name="md_theme_onSecondary">#FFFFFF</color>
    <color name="md_theme_secondaryContainer">#ECE0B3</color>
    <color name="md_theme_onSecondaryContainer">#6B633F</color>
    <color name="md_theme_tertiary">#49672B</color>
    <color name="md_theme_onTertiary">#FFFFFF</color>
    <color name="md_theme_tertiaryContainer">#B2D58C</color>
    <color name="md_theme_onTertiaryContainer">#405D22</color>
    <color name="md_theme_error">#BA1A1A</color>
    <color name="md_theme_onError">#FFFFFF</color>
    <color name="md_theme_errorContainer">#FFDAD6</color>
    <color name="md_theme_onErrorContainer">#93000A</color>
    <color name="md_theme_background">#FFF9EE</color>
    <color name="md_theme_onBackground">#1D1B15</color>
    <color name="md_theme_surface">#FFF9EE</color>
    <color name="md_theme_onSurface">#1D1B15</color>
    <color name="md_theme_surfaceVariant">#EAE2CE</color>
    <color name="md_theme_onSurfaceVariant">#4B4738</color>
    <color name="md_theme_outline">#7C7766</color>
    <color name="md_theme_outlineVariant">#CDC6B3</color>
    <color name="md_theme_scrim">#000000</color>
    <color name="md_theme_inverseSurface">#333029</color>
    <color name="md_theme_inverseOnSurface">#F6F0E5</color>
    <color name="md_theme_inversePrimary">#DAC76C</color>
    <color name="md_theme_primaryFixed">#F8E385</color>
    <color name="md_theme_onPrimaryFixed">#211B00</color>
    <color name="md_theme_primaryFixedDim">#DAC76C</color>
    <color name="md_theme_onPrimaryFixedVariant">#524600</color>
    <color name="md_theme_secondaryFixed">#EFE2B6</color>
    <color name="md_theme_onSecondaryFixed">#211B01</color>
    <color name="md_theme_secondaryFixedDim">#D2C79B</color>
    <color name="md_theme_onSecondaryFixedVariant">#4E4726</color>
    <color name="md_theme_tertiaryFixed">#CAEEA2</color>
    <color name="md_theme_onTertiaryFixed">#0E2000</color>
    <color name="md_theme_tertiaryFixedDim">#AFD189</color>
    <color name="md_theme_onTertiaryFixedVariant">#324E15</color>
    <color name="md_theme_surfaceDim">#DFD9CF</color>
    <color name="md_theme_surfaceBright">#FFF9EE</color>
    <color name="md_theme_surfaceContainerLowest">#FFFFFF</color>
    <color name="md_theme_surfaceContainerLow">#F9F3E8</color>
    <color name="md_theme_surfaceContainer">#F3EDE3</color>
    <color name="md_theme_surfaceContainerHigh">#EDE7DD</color>
    <color name="md_theme_surfaceContainerHighest">#E8E2D7</color>
    <color name="md_theme_primary_mediumContrast">#403600</color>
    <color name="md_theme_onPrimary_mediumContrast">#FFFFFF</color>
    <color name="md_theme_primaryContainer_mediumContrast">#7C6D1B</color>
    <color name="md_theme_onPrimaryContainer_mediumContrast">#FFFFFF</color>
    <color name="md_theme_secondary_mediumContrast">#3D3617</color>
    <color name="md_theme_onSecondary_mediumContrast">#FFFFFF</color>
    <color name="md_theme_secondaryContainer_mediumContrast">#766D48</color>
    <color name="md_theme_onSecondaryContainer_mediumContrast">#FFFFFF</color>
    <color name="md_theme_tertiary_mediumContrast">#223D04</color>
    <color name="md_theme_onTertiary_mediumContrast">#FFFFFF</color>
    <color name="md_theme_tertiaryContainer_mediumContrast">#577638</color>
    <color name="md_theme_onTertiaryContainer_mediumContrast">#FFFFFF</color>
    <color name="md_theme_error_mediumContrast">#740006</color>
    <color name="md_theme_onError_mediumContrast">#FFFFFF</color>
    <color name="md_theme_errorContainer_mediumContrast">#CF2C27</color>
    <color name="md_theme_onErrorContainer_mediumContrast">#FFFFFF</color>
    <color name="md_theme_background_mediumContrast">#FFF9EE</color>
    <color name="md_theme_onBackground_mediumContrast">#1D1B15</color>
    <color name="md_theme_surface_mediumContrast">#FFF9EE</color>
    <color name="md_theme_onSurface_mediumContrast">#13110B</color>
    <color name="md_theme_surfaceVariant_mediumContrast">#EAE2CE</color>
    <color name="md_theme_onSurfaceVariant_mediumContrast">#3A3628</color>
    <color name="md_theme_outline_mediumContrast">#575243</color>
    <color name="md_theme_outlineVariant_mediumContrast">#726D5D</color>
    <color name="md_theme_scrim_mediumContrast">#000000</color>
    <color name="md_theme_inverseSurface_mediumContrast">#333029</color>
    <color name="md_theme_inverseOnSurface_mediumContrast">#F6F0E5</color>
    <color name="md_theme_inversePrimary_mediumContrast">#DAC76C</color>
    <color name="md_theme_primaryFixed_mediumContrast">#7C6D1B</color>
    <color name="md_theme_onPrimaryFixed_mediumContrast">#FFFFFF</color>
    <color name="md_theme_primaryFixedDim_mediumContrast">#625400</color>
    <color name="md_theme_onPrimaryFixedVariant_mediumContrast">#FFFFFF</color>
    <color name="md_theme_secondaryFixed_mediumContrast">#766D48</color>
    <color name="md_theme_onSecondaryFixed_mediumContrast">#FFFFFF</color>
    <color name="md_theme_secondaryFixedDim_mediumContrast">#5D5532</color>
    <color name="md_theme_onSecondaryFixedVariant_mediumContrast">#FFFFFF</color>
    <color name="md_theme_tertiaryFixed_mediumContrast">#577638</color>
    <color name="md_theme_onTertiaryFixed_mediumContrast">#FFFFFF</color>
    <color name="md_theme_tertiaryFixedDim_mediumContrast">#405D22</color>
    <color name="md_theme_onTertiaryFixedVariant_mediumContrast">#FFFFFF</color>
    <color name="md_theme_surfaceDim_mediumContrast">#CBC6BC</color>
    <color name="md_theme_surfaceBright_mediumContrast">#FFF9EE</color>
    <color name="md_theme_surfaceContainerLowest_mediumContrast">#FFFFFF</color>
    <color name="md_theme_surfaceContainerLow_mediumContrast">#F9F3E8</color>
    <color name="md_theme_surfaceContainer_mediumContrast">#EDE7DD</color>
    <color name="md_theme_surfaceContainerHigh_mediumContrast">#E2DCD2</color>
    <color name="md_theme_surfaceContainerHighest_mediumContrast">#D6D1C7</color>
    <color name="md_theme_primary_highContrast">#342C00</color>
    <color name="md_theme_onPrimary_highContrast">#FFFFFF</color>
    <color name="md_theme_primaryContainer_highContrast">#554900</color>
    <color name="md_theme_onPrimaryContainer_highContrast">#FFFFFF</color>
    <color name="md_theme_secondary_highContrast">#322C0D</color>
    <color name="md_theme_onSecondary_highContrast">#FFFFFF</color>
    <color name="md_theme_secondaryContainer_highContrast">#514928</color>
    <color name="md_theme_onSecondaryContainer_highContrast">#FFFFFF</color>
    <color name="md_theme_tertiary_highContrast">#1A3200</color>
    <color name="md_theme_onTertiary_highContrast">#FFFFFF</color>
    <color name="md_theme_tertiaryContainer_highContrast">#355117</color>
    <color name="md_theme_onTertiaryContainer_highContrast">#FFFFFF</color>
    <color name="md_theme_error_highContrast">#600004</color>
    <color name="md_theme_onError_highContrast">#FFFFFF</color>
    <color name="md_theme_errorContainer_highContrast">#98000A</color>
    <color name="md_theme_onErrorContainer_highContrast">#FFFFFF</color>
    <color name="md_theme_background_highContrast">#FFF9EE</color>
    <color name="md_theme_onBackground_highContrast">#1D1B15</color>
    <color name="md_theme_surface_highContrast">#FFF9EE</color>
    <color name="md_theme_onSurface_highContrast">#000000</color>
    <color name="md_theme_surfaceVariant_highContrast">#EAE2CE</color>
    <color name="md_theme_onSurfaceVariant_highContrast">#000000</color>
    <color name="md_theme_outline_highContrast">#2F2C1F</color>
    <color name="md_theme_outlineVariant_highContrast">#4D493A</color>
    <color name="md_theme_scrim_highContrast">#000000</color>
    <color name="md_theme_inverseSurface_highContrast">#333029</color>
    <color name="md_theme_inverseOnSurface_highContrast">#FFFFFF</color>
    <color name="md_theme_inversePrimary_highContrast">#DAC76C</color>
    <color name="md_theme_primaryFixed_highContrast">#554900</color>
    <color name="md_theme_onPrimaryFixed_highContrast">#FFFFFF</color>
    <color name="md_theme_primaryFixedDim_highContrast">#3C3200</color>
    <color name="md_theme_onPrimaryFixedVariant_highContrast">#FFFFFF</color>
    <color name="md_theme_secondaryFixed_highContrast">#514928</color>
    <color name="md_theme_onSecondaryFixed_highContrast">#FFFFFF</color>
    <color name="md_theme_secondaryFixedDim_highContrast">#393313</color>
    <color name="md_theme_onSecondaryFixedVariant_highContrast">#FFFFFF</color>
    <color name="md_theme_tertiaryFixed_highContrast">#355117</color>
    <color name="md_theme_onTertiaryFixed_highContrast">#FFFFFF</color>
    <color name="md_theme_tertiaryFixedDim_highContrast">#1F3902</color>
    <color name="md_theme_onTertiaryFixedVariant_highContrast">#FFFFFF</color>
    <color name="md_theme_surfaceDim_highContrast">#BDB8AE</color>
    <color name="md_theme_surfaceBright_highContrast">#FFF9EE</color>
    <color name="md_theme_surfaceContainerLowest_highContrast">#FFFFFF</color>
    <color name="md_theme_surfaceContainerLow_highContrast">#F6F0E5</color>
    <color name="md_theme_surfaceContainer_highContrast">#E8E2D7</color>
    <color name="md_theme_surfaceContainerHigh_highContrast">#D9D4CA</color>
    <color name="md_theme_surfaceContainerHighest_highContrast">#CBC6BC</color>
    <color name="colorCustomColor1">#363F31</color>
    <color name="colorOnCustomColor1">#FFFFFF</color>
    <color name="colorCustomColor1Container">#4D5647</color>
    <color name="colorOnCustomColor1Container">#C1CBB8</color>
    <color name="colorCustomColor1_mediumContrast">#30392B</color>
    <color name="colorOnCustomColor1_mediumContrast">#FFFFFF</color>
    <color name="colorCustomColor1Container_mediumContrast">#4D5647</color>
    <color name="colorOnCustomColor1Container_mediumContrast">#EFF9E5</color>
    <color name="colorCustomColor1_highContrast">#262F21</color>
    <color name="colorOnCustomColor1_highContrast">#FFFFFF</color>
    <color name="colorCustomColor1Container_highContrast">#434C3D</color>
    <color name="colorOnCustomColor1Container_highContrast">#FFFFFF</color>
</resources>
