<resources>
    <color name="md_theme_primary">#9E08C0</color>
    <color name="md_theme_onPrimary">#FFFFFF</color>
    <color name="md_theme_primaryContainer">#DF5CFF</color>
    <color name="md_theme_onPrimaryContainer">#530067</color>
    <color name="md_theme_secondary">#854493</color>
    <color name="md_theme_onSecondary">#FFFFFF</color>
    <color name="md_theme_secondaryContainer">#F1A6FE</color>
    <color name="md_theme_onSecondaryContainer">#743482</color>
    <color name="md_theme_tertiary">#B41D56</color>
    <color name="md_theme_onTertiary">#FFFFFF</color>
    <color name="md_theme_tertiaryContainer">#FF5A8D</color>
    <color name="md_theme_onTertiaryContainer">#630029</color>
    <color name="md_theme_error">#BA1A1A</color>
    <color name="md_theme_onError">#FFFFFF</color>
    <color name="md_theme_errorContainer">#FFDAD6</color>
    <color name="md_theme_onErrorContainer">#93000A</color>
    <color name="md_theme_background">#FFF7FA</color>
    <color name="md_theme_onBackground">#211922</color>
    <color name="md_theme_surface">#FFF7FA</color>
    <color name="md_theme_onSurface">#211922</color>
    <color name="md_theme_surfaceVariant">#F2DCF0</color>
    <color name="md_theme_onSurfaceVariant">#514252</color>
    <color name="md_theme_outline">#837283</color>
    <color name="md_theme_outlineVariant">#D5C0D4</color>
    <color name="md_theme_scrim">#000000</color>
    <color name="md_theme_inverseSurface">#372D37</color>
    <color name="md_theme_inverseOnSurface">#FDECFA</color>
    <color name="md_theme_inversePrimary">#F4AEFF</color>
    <color name="md_theme_primaryFixed">#FDD6FF</color>
    <color name="md_theme_onPrimaryFixed">#340042</color>
    <color name="md_theme_primaryFixedDim">#F4AEFF</color>
    <color name="md_theme_onPrimaryFixedVariant">#790095</color>
    <color name="md_theme_secondaryFixed">#FDD6FF</color>
    <color name="md_theme_onSecondaryFixed">#340042</color>
    <color name="md_theme_secondaryFixedDim">#F4AEFF</color>
    <color name="md_theme_onSecondaryFixedVariant">#6B2B7A</color>
    <color name="md_theme_tertiaryFixed">#FFD9DF</color>
    <color name="md_theme_onTertiaryFixed">#3F0018</color>
    <color name="md_theme_tertiaryFixedDim">#FFB1C2</color>
    <color name="md_theme_onTertiaryFixedVariant">#8F0040</color>
    <color name="md_theme_surfaceDim">#E5D5E3</color>
    <color name="md_theme_surfaceBright">#FFF7FA</color>
    <color name="md_theme_surfaceContainerLowest">#FFFFFF</color>
    <color name="md_theme_surfaceContainerLow">#FFEFFC</color>
    <color name="md_theme_surfaceContainer">#FAE9F7</color>
    <color name="md_theme_surfaceContainerHigh">#F4E3F1</color>
    <color name="md_theme_surfaceContainerHighest">#EEDEEB</color>
    <color name="md_theme_primary_mediumContrast">#5F0075</color>
    <color name="md_theme_onPrimary_mediumContrast">#FFFFFF</color>
    <color name="md_theme_primaryContainer_mediumContrast">#AF28D1</color>
    <color name="md_theme_onPrimaryContainer_mediumContrast">#FFFFFF</color>
    <color name="md_theme_secondary_mediumContrast">#581867</color>
    <color name="md_theme_onSecondary_mediumContrast">#FFFFFF</color>
    <color name="md_theme_secondaryContainer_mediumContrast">#9553A3</color>
    <color name="md_theme_onSecondaryContainer_mediumContrast">#FFFFFF</color>
    <color name="md_theme_tertiary_mediumContrast">#710030</color>
    <color name="md_theme_onTertiary_mediumContrast">#FFFFFF</color>
    <color name="md_theme_tertiaryContainer_mediumContrast">#C82F65</color>
    <color name="md_theme_onTertiaryContainer_mediumContrast">#FFFFFF</color>
    <color name="md_theme_error_mediumContrast">#740006</color>
    <color name="md_theme_onError_mediumContrast">#FFFFFF</color>
    <color name="md_theme_errorContainer_mediumContrast">#CF2C27</color>
    <color name="md_theme_onErrorContainer_mediumContrast">#FFFFFF</color>
    <color name="md_theme_background_mediumContrast">#FFF7FA</color>
    <color name="md_theme_onBackground_mediumContrast">#211922</color>
    <color name="md_theme_surface_mediumContrast">#FFF7FA</color>
    <color name="md_theme_onSurface_mediumContrast">#160E17</color>
    <color name="md_theme_surfaceVariant_mediumContrast">#F2DCF0</color>
    <color name="md_theme_onSurfaceVariant_mediumContrast">#403241</color>
    <color name="md_theme_outline_mediumContrast">#5D4D5E</color>
    <color name="md_theme_outlineVariant_mediumContrast">#796879</color>
    <color name="md_theme_scrim_mediumContrast">#000000</color>
    <color name="md_theme_inverseSurface_mediumContrast">#372D37</color>
    <color name="md_theme_inverseOnSurface_mediumContrast">#FDECFA</color>
    <color name="md_theme_inversePrimary_mediumContrast">#F4AEFF</color>
    <color name="md_theme_primaryFixed_mediumContrast">#AF28D1</color>
    <color name="md_theme_onPrimaryFixed_mediumContrast">#FFFFFF</color>
    <color name="md_theme_primaryFixedDim_mediumContrast">#8F00B0</color>
    <color name="md_theme_onPrimaryFixedVariant_mediumContrast">#FFFFFF</color>
    <color name="md_theme_secondaryFixed_mediumContrast">#9553A3</color>
    <color name="md_theme_onSecondaryFixed_mediumContrast">#FFFFFF</color>
    <color name="md_theme_secondaryFixedDim_mediumContrast">#7A3A89</color>
    <color name="md_theme_onSecondaryFixedVariant_mediumContrast">#FFFFFF</color>
    <color name="md_theme_tertiaryFixed_mediumContrast">#C82F65</color>
    <color name="md_theme_onTertiaryFixed_mediumContrast">#FFFFFF</color>
    <color name="md_theme_tertiaryFixedDim_mediumContrast">#A60E4D</color>
    <color name="md_theme_onTertiaryFixedVariant_mediumContrast">#FFFFFF</color>
    <color name="md_theme_surfaceDim_mediumContrast">#D1C2CF</color>
    <color name="md_theme_surfaceBright_mediumContrast">#FFF7FA</color>
    <color name="md_theme_surfaceContainerLowest_mediumContrast">#FFFFFF</color>
    <color name="md_theme_surfaceContainerLow_mediumContrast">#FFEFFC</color>
    <color name="md_theme_surfaceContainer_mediumContrast">#F4E3F1</color>
    <color name="md_theme_surfaceContainerHigh_mediumContrast">#E8D8E6</color>
    <color name="md_theme_surfaceContainerHighest_mediumContrast">#DDCDDA</color>
    <color name="md_theme_primary_highContrast">#4F0062</color>
    <color name="md_theme_onPrimary_highContrast">#FFFFFF</color>
    <color name="md_theme_primaryContainer_highContrast">#7D0099</color>
    <color name="md_theme_onPrimaryContainer_highContrast">#FFFFFF</color>
    <color name="md_theme_secondary_highContrast">#4C0A5C</color>
    <color name="md_theme_onSecondary_highContrast">#FFFFFF</color>
    <color name="md_theme_secondaryContainer_highContrast">#6D2E7C</color>
    <color name="md_theme_onSecondaryContainer_highContrast">#FFFFFF</color>
    <color name="md_theme_tertiary_highContrast">#5E0027</color>
    <color name="md_theme_onTertiary_highContrast">#FFFFFF</color>
    <color name="md_theme_tertiaryContainer_highContrast">#940042</color>
    <color name="md_theme_onTertiaryContainer_highContrast">#FFFFFF</color>
    <color name="md_theme_error_highContrast">#600004</color>
    <color name="md_theme_onError_highContrast">#FFFFFF</color>
    <color name="md_theme_errorContainer_highContrast">#98000A</color>
    <color name="md_theme_onErrorContainer_highContrast">#FFFFFF</color>
    <color name="md_theme_background_highContrast">#FFF7FA</color>
    <color name="md_theme_onBackground_highContrast">#211922</color>
    <color name="md_theme_surface_highContrast">#FFF7FA</color>
    <color name="md_theme_onSurface_highContrast">#000000</color>
    <color name="md_theme_surfaceVariant_highContrast">#F2DCF0</color>
    <color name="md_theme_onSurfaceVariant_highContrast">#000000</color>
    <color name="md_theme_outline_highContrast">#352836</color>
    <color name="md_theme_outlineVariant_highContrast">#534454</color>
    <color name="md_theme_scrim_highContrast">#000000</color>
    <color name="md_theme_inverseSurface_highContrast">#372D37</color>
    <color name="md_theme_inverseOnSurface_highContrast">#FFFFFF</color>
    <color name="md_theme_inversePrimary_highContrast">#F4AEFF</color>
    <color name="md_theme_primaryFixed_highContrast">#7D0099</color>
    <color name="md_theme_onPrimaryFixed_highContrast">#FFFFFF</color>
    <color name="md_theme_primaryFixedDim_highContrast">#59006E</color>
    <color name="md_theme_onPrimaryFixedVariant_highContrast">#FFFFFF</color>
    <color name="md_theme_secondaryFixed_highContrast">#6D2E7C</color>
    <color name="md_theme_onSecondaryFixed_highContrast">#FFFFFF</color>
    <color name="md_theme_secondaryFixedDim_highContrast">#541363</color>
    <color name="md_theme_onSecondaryFixedVariant_highContrast">#FFFFFF</color>
    <color name="md_theme_tertiaryFixed_highContrast">#940042</color>
    <color name="md_theme_onTertiaryFixed_highContrast">#FFFFFF</color>
    <color name="md_theme_tertiaryFixedDim_highContrast">#6A002D</color>
    <color name="md_theme_onTertiaryFixedVariant_highContrast">#FFFFFF</color>
    <color name="md_theme_surfaceDim_highContrast">#C3B4C1</color>
    <color name="md_theme_surfaceBright_highContrast">#FFF7FA</color>
    <color name="md_theme_surfaceContainerLowest_highContrast">#FFFFFF</color>
    <color name="md_theme_surfaceContainerLow_highContrast">#FDECFA</color>
    <color name="md_theme_surfaceContainer_highContrast">#EEDEEB</color>
    <color name="md_theme_surfaceContainerHigh_highContrast">#E0D0DD</color>
    <color name="md_theme_surfaceContainerHighest_highContrast">#D1C2CF</color>
    <color name="colorCustomColor1">#1B2C34</color>
    <color name="colorOnCustomColor1">#FFFFFF</color>
    <color name="colorCustomColor1Container">#31424B</color>
    <color name="colorOnCustomColor1Container">#9CAEB9</color>
    <color name="colorCustomColor1_mediumContrast">#1B2C34</color>
    <color name="colorOnCustomColor1_mediumContrast">#FFFFFF</color>
    <color name="colorCustomColor1Container_mediumContrast">#31424B</color>
    <color name="colorOnCustomColor1Container_mediumContrast">#C5D7E3</color>
    <color name="colorCustomColor1_highContrast">#1B2C34</color>
    <color name="colorOnCustomColor1_highContrast">#FFFFFF</color>
    <color name="colorCustomColor1Container_highContrast">#31424B</color>
    <color name="colorOnCustomColor1Container_highContrast">#FFFFFF</color>
</resources>
