<resources>
    <color name="md_theme_primary">#801B00</color>
    <color name="md_theme_onPrimary">#FFFFFF</color>
    <color name="md_theme_primaryContainer">#A92701</color>
    <color name="md_theme_onPrimaryContainer">#FFC1B2</color>
    <color name="md_theme_secondary">#964733</color>
    <color name="md_theme_onSecondary">#FFFFFF</color>
    <color name="md_theme_secondaryContainer">#FD997F</color>
    <color name="md_theme_onSecondaryContainer">#762F1C</color>
    <color name="md_theme_tertiary">#745B07</color>
    <color name="md_theme_onTertiary">#FFFFFF</color>
    <color name="md_theme_tertiaryContainer">#C8A852</color>
    <color name="md_theme_onTertiaryContainer">#503D00</color>
    <color name="md_theme_error">#BA1A1A</color>
    <color name="md_theme_onError">#FFFFFF</color>
    <color name="md_theme_errorContainer">#FFDAD6</color>
    <color name="md_theme_onErrorContainer">#93000A</color>
    <color name="md_theme_background">#FFF8F6</color>
    <color name="md_theme_onBackground">#261815</color>
    <color name="md_theme_surface">#FFF8F6</color>
    <color name="md_theme_onSurface">#261815</color>
    <color name="md_theme_surfaceVariant">#FFDAD2</color>
    <color name="md_theme_onSurfaceVariant">#5A413B</color>
    <color name="md_theme_outline">#8E7069</color>
    <color name="md_theme_outlineVariant">#E2BFB6</color>
    <color name="md_theme_scrim">#000000</color>
    <color name="md_theme_inverseSurface">#3D2D29</color>
    <color name="md_theme_inverseOnSurface">#FFEDE9</color>
    <color name="md_theme_inversePrimary">#FFB4A2</color>
    <color name="md_theme_primaryFixed">#FFDAD2</color>
    <color name="md_theme_onPrimaryFixed">#3C0800</color>
    <color name="md_theme_primaryFixedDim">#FFB4A2</color>
    <color name="md_theme_onPrimaryFixedVariant">#891D00</color>
    <color name="md_theme_secondaryFixed">#FFDAD2</color>
    <color name="md_theme_onSecondaryFixed">#3C0800</color>
    <color name="md_theme_secondaryFixedDim">#FFB4A2</color>
    <color name="md_theme_onSecondaryFixedVariant">#78301E</color>
    <color name="md_theme_tertiaryFixed">#FFDF91</color>
    <color name="md_theme_onTertiaryFixed">#241A00</color>
    <color name="md_theme_tertiaryFixedDim">#E5C36A</color>
    <color name="md_theme_onTertiaryFixedVariant">#594400</color>
    <color name="md_theme_surfaceDim">#EFD4CE</color>
    <color name="md_theme_surfaceBright">#FFF8F6</color>
    <color name="md_theme_surfaceContainerLowest">#FFFFFF</color>
    <color name="md_theme_surfaceContainerLow">#FFF1ED</color>
    <color name="md_theme_surfaceContainer">#FFE9E4</color>
    <color name="md_theme_surfaceContainerHigh">#FDE2DC</color>
    <color name="md_theme_surfaceContainerHighest">#F8DDD6</color>
    <color name="md_theme_primary_mediumContrast">#6C1500</color>
    <color name="md_theme_onPrimary_mediumContrast">#FFFFFF</color>
    <color name="md_theme_primaryContainer_mediumContrast">#A92701</color>
    <color name="md_theme_onPrimaryContainer_mediumContrast">#FFFFFF</color>
    <color name="md_theme_secondary_mediumContrast">#62200F</color>
    <color name="md_theme_onSecondary_mediumContrast">#FFFFFF</color>
    <color name="md_theme_secondaryContainer_mediumContrast">#A95540</color>
    <color name="md_theme_onSecondaryContainer_mediumContrast">#FFFFFF</color>
    <color name="md_theme_tertiary_mediumContrast">#443400</color>
    <color name="md_theme_onTertiary_mediumContrast">#FFFFFF</color>
    <color name="md_theme_tertiaryContainer_mediumContrast">#856A19</color>
    <color name="md_theme_onTertiaryContainer_mediumContrast">#FFFFFF</color>
    <color name="md_theme_error_mediumContrast">#740006</color>
    <color name="md_theme_onError_mediumContrast">#FFFFFF</color>
    <color name="md_theme_errorContainer_mediumContrast">#CF2C27</color>
    <color name="md_theme_onErrorContainer_mediumContrast">#FFFFFF</color>
    <color name="md_theme_background_mediumContrast">#FFF8F6</color>
    <color name="md_theme_onBackground_mediumContrast">#261815</color>
    <color name="md_theme_surface_mediumContrast">#FFF8F6</color>
    <color name="md_theme_onSurface_mediumContrast">#1B0E0B</color>
    <color name="md_theme_surfaceVariant_mediumContrast">#FFDAD2</color>
    <color name="md_theme_onSurfaceVariant_mediumContrast">#48312B</color>
    <color name="md_theme_outline_mediumContrast">#674C46</color>
    <color name="md_theme_outlineVariant_mediumContrast">#83665F</color>
    <color name="md_theme_scrim_mediumContrast">#000000</color>
    <color name="md_theme_inverseSurface_mediumContrast">#3D2D29</color>
    <color name="md_theme_inverseOnSurface_mediumContrast">#FFEDE9</color>
    <color name="md_theme_inversePrimary_mediumContrast">#FFB4A2</color>
    <color name="md_theme_primaryFixed_mediumContrast">#C63C17</color>
    <color name="md_theme_onPrimaryFixed_mediumContrast">#FFFFFF</color>
    <color name="md_theme_primaryFixedDim_mediumContrast">#A22400</color>
    <color name="md_theme_onPrimaryFixedVariant_mediumContrast">#FFFFFF</color>
    <color name="md_theme_secondaryFixed_mediumContrast">#A95540</color>
    <color name="md_theme_onSecondaryFixed_mediumContrast">#FFFFFF</color>
    <color name="md_theme_secondaryFixedDim_mediumContrast">#8A3E2A</color>
    <color name="md_theme_onSecondaryFixedVariant_mediumContrast">#FFFFFF</color>
    <color name="md_theme_tertiaryFixed_mediumContrast">#856A19</color>
    <color name="md_theme_onTertiaryFixed_mediumContrast">#FFFFFF</color>
    <color name="md_theme_tertiaryFixedDim_mediumContrast">#695200</color>
    <color name="md_theme_onTertiaryFixedVariant_mediumContrast">#FFFFFF</color>
    <color name="md_theme_surfaceDim_mediumContrast">#DAC1BB</color>
    <color name="md_theme_surfaceBright_mediumContrast">#FFF8F6</color>
    <color name="md_theme_surfaceContainerLowest_mediumContrast">#FFFFFF</color>
    <color name="md_theme_surfaceContainerLow_mediumContrast">#FFF1ED</color>
    <color name="md_theme_surfaceContainer_mediumContrast">#FDE2DC</color>
    <color name="md_theme_surfaceContainerHigh_mediumContrast">#F2D7D1</color>
    <color name="md_theme_surfaceContainerHighest_mediumContrast">#E6CCC6</color>
    <color name="md_theme_primary_highContrast">#5A1000</color>
    <color name="md_theme_onPrimary_highContrast">#FFFFFF</color>
    <color name="md_theme_primaryContainer_highContrast">#8E1F00</color>
    <color name="md_theme_onPrimaryContainer_highContrast">#FFFFFF</color>
    <color name="md_theme_secondary_highContrast">#551606</color>
    <color name="md_theme_onSecondary_highContrast">#FFFFFF</color>
    <color name="md_theme_secondaryContainer_highContrast">#7B3220</color>
    <color name="md_theme_onSecondaryContainer_highContrast">#FFFFFF</color>
    <color name="md_theme_tertiary_highContrast">#382A00</color>
    <color name="md_theme_onTertiary_highContrast">#FFFFFF</color>
    <color name="md_theme_tertiaryContainer_highContrast">#5B4600</color>
    <color name="md_theme_onTertiaryContainer_highContrast">#FFFFFF</color>
    <color name="md_theme_error_highContrast">#600004</color>
    <color name="md_theme_onError_highContrast">#FFFFFF</color>
    <color name="md_theme_errorContainer_highContrast">#98000A</color>
    <color name="md_theme_onErrorContainer_highContrast">#FFFFFF</color>
    <color name="md_theme_background_highContrast">#FFF8F6</color>
    <color name="md_theme_onBackground_highContrast">#261815</color>
    <color name="md_theme_surface_highContrast">#FFF8F6</color>
    <color name="md_theme_onSurface_highContrast">#000000</color>
    <color name="md_theme_surfaceVariant_highContrast">#FFDAD2</color>
    <color name="md_theme_onSurfaceVariant_highContrast">#000000</color>
    <color name="md_theme_outline_highContrast">#3D2721</color>
    <color name="md_theme_outlineVariant_highContrast">#5C433D</color>
    <color name="md_theme_scrim_highContrast">#000000</color>
    <color name="md_theme_inverseSurface_highContrast">#3D2D29</color>
    <color name="md_theme_inverseOnSurface_highContrast">#FFFFFF</color>
    <color name="md_theme_inversePrimary_highContrast">#FFB4A2</color>
    <color name="md_theme_primaryFixed_highContrast">#8E1F00</color>
    <color name="md_theme_onPrimaryFixed_highContrast">#FFFFFF</color>
    <color name="md_theme_primaryFixedDim_highContrast">#651300</color>
    <color name="md_theme_onPrimaryFixedVariant_highContrast">#FFFFFF</color>
    <color name="md_theme_secondaryFixed_highContrast">#7B3220</color>
    <color name="md_theme_onSecondaryFixed_highContrast">#FFFFFF</color>
    <color name="md_theme_secondaryFixedDim_highContrast">#5E1D0C</color>
    <color name="md_theme_onSecondaryFixedVariant_highContrast">#FFFFFF</color>
    <color name="md_theme_tertiaryFixed_highContrast">#5B4600</color>
    <color name="md_theme_onTertiaryFixed_highContrast">#FFFFFF</color>
    <color name="md_theme_tertiaryFixedDim_highContrast">#403100</color>
    <color name="md_theme_onTertiaryFixedVariant_highContrast">#FFFFFF</color>
    <color name="md_theme_surfaceDim_highContrast">#CCB3AD</color>
    <color name="md_theme_surfaceBright_highContrast">#FFF8F6</color>
    <color name="md_theme_surfaceContainerLowest_highContrast">#FFFFFF</color>
    <color name="md_theme_surfaceContainerLow_highContrast">#FFEDE9</color>
    <color name="md_theme_surfaceContainer_highContrast">#F8DDD6</color>
    <color name="md_theme_surfaceContainerHigh_highContrast">#E9CFC9</color>
    <color name="md_theme_surfaceContainerHighest_highContrast">#DAC1BB</color>
    <color name="colorCustomColor1">#666018</color>
    <color name="colorOnCustomColor1">#FFFFFF</color>
    <color name="colorCustomColor1Container">#FFF59D</color>
    <color name="colorOnCustomColor1Container">#777027</color>
    <color name="colorCustomColor1_mediumContrast">#3C3700</color>
    <color name="colorOnCustomColor1_mediumContrast">#FFFFFF</color>
    <color name="colorCustomColor1Container_mediumContrast">#766F26</color>
    <color name="colorOnCustomColor1Container_mediumContrast">#FFFFFF</color>
    <color name="colorCustomColor1_highContrast">#312D00</color>
    <color name="colorOnCustomColor1_highContrast">#FFFFFF</color>
    <color name="colorCustomColor1Container_highContrast">#504A01</color>
    <color name="colorOnCustomColor1Container_highContrast">#FFFFFF</color>
</resources>
