<resources>
    <color name="md_theme_primary">#325784</color>
    <color name="md_theme_onPrimary">#FFFFFF</color>
    <color name="md_theme_primaryContainer">#4C709E</color>
    <color name="md_theme_onPrimaryContainer">#ECF2FF</color>
    <color name="md_theme_secondary">#525F72</color>
    <color name="md_theme_onSecondary">#FFFFFF</color>
    <color name="md_theme_secondaryContainer">#D3E0F7</color>
    <color name="md_theme_onSecondaryContainer">#576377</color>
    <color name="md_theme_tertiary">#714775</color>
    <color name="md_theme_onTertiary">#FFFFFF</color>
    <color name="md_theme_tertiaryContainer">#8B5F8F</color>
    <color name="md_theme_onTertiaryContainer">#FFEDFB</color>
    <color name="md_theme_error">#BA1A1A</color>
    <color name="md_theme_onError">#FFFFFF</color>
    <color name="md_theme_errorContainer">#FFDAD6</color>
    <color name="md_theme_onErrorContainer">#93000A</color>
    <color name="md_theme_background">#F9F9FD</color>
    <color name="md_theme_onBackground">#1A1C1F</color>
    <color name="md_theme_surface">#F9F9FD</color>
    <color name="md_theme_onSurface">#1A1C1F</color>
    <color name="md_theme_surfaceVariant">#DFE2EC</color>
    <color name="md_theme_onSurfaceVariant">#43474F</color>
    <color name="md_theme_outline">#737780</color>
    <color name="md_theme_outlineVariant">#C3C6D0</color>
    <color name="md_theme_scrim">#000000</color>
    <color name="md_theme_inverseSurface">#2F3034</color>
    <color name="md_theme_inverseOnSurface">#F1F0F4</color>
    <color name="md_theme_inversePrimary">#A5C9FC</color>
    <color name="md_theme_primaryFixed">#D3E4FF</color>
    <color name="md_theme_onPrimaryFixed">#001C38</color>
    <color name="md_theme_primaryFixedDim">#A5C9FC</color>
    <color name="md_theme_onPrimaryFixedVariant">#214874</color>
    <color name="md_theme_secondaryFixed">#D6E3FA</color>
    <color name="md_theme_onSecondaryFixed">#0F1C2D</color>
    <color name="md_theme_secondaryFixedDim">#BAC7DE</color>
    <color name="md_theme_onSecondaryFixedVariant">#3B485A</color>
    <color name="md_theme_tertiaryFixed">#FFD5FF</color>
    <color name="md_theme_onTertiaryFixed">#300B36</color>
    <color name="md_theme_tertiaryFixedDim">#E9B6EB</color>
    <color name="md_theme_onTertiaryFixedVariant">#603865</color>
    <color name="md_theme_surfaceDim">#DAD9DE</color>
    <color name="md_theme_surfaceBright">#F9F9FD</color>
    <color name="md_theme_surfaceContainerLowest">#FFFFFF</color>
    <color name="md_theme_surfaceContainerLow">#F4F3F7</color>
    <color name="md_theme_surfaceContainer">#EEEDF2</color>
    <color name="md_theme_surfaceContainerHigh">#E8E8EC</color>
    <color name="md_theme_surfaceContainerHighest">#E2E2E6</color>
    <color name="md_theme_primary_mediumContrast">#093762</color>
    <color name="md_theme_onPrimary_mediumContrast">#FFFFFF</color>
    <color name="md_theme_primaryContainer_mediumContrast">#4B6F9D</color>
    <color name="md_theme_onPrimaryContainer_mediumContrast">#FFFFFF</color>
    <color name="md_theme_secondary_mediumContrast">#2A3749</color>
    <color name="md_theme_onSecondary_mediumContrast">#FFFFFF</color>
    <color name="md_theme_secondaryContainer_mediumContrast">#616E82</color>
    <color name="md_theme_onSecondaryContainer_mediumContrast">#FFFFFF</color>
    <color name="md_theme_tertiary_mediumContrast">#4E2753</color>
    <color name="md_theme_onTertiary_mediumContrast">#FFFFFF</color>
    <color name="md_theme_tertiaryContainer_mediumContrast">#8A5E8E</color>
    <color name="md_theme_onTertiaryContainer_mediumContrast">#FFFFFF</color>
    <color name="md_theme_error_mediumContrast">#740006</color>
    <color name="md_theme_onError_mediumContrast">#FFFFFF</color>
    <color name="md_theme_errorContainer_mediumContrast">#CF2C27</color>
    <color name="md_theme_onErrorContainer_mediumContrast">#FFFFFF</color>
    <color name="md_theme_background_mediumContrast">#F9F9FD</color>
    <color name="md_theme_onBackground_mediumContrast">#1A1C1F</color>
    <color name="md_theme_surface_mediumContrast">#F9F9FD</color>
    <color name="md_theme_onSurface_mediumContrast">#0F1114</color>
    <color name="md_theme_surfaceVariant_mediumContrast">#DFE2EC</color>
    <color name="md_theme_onSurfaceVariant_mediumContrast">#32363E</color>
    <color name="md_theme_outline_mediumContrast">#4E535A</color>
    <color name="md_theme_outlineVariant_mediumContrast">#696D75</color>
    <color name="md_theme_scrim_mediumContrast">#000000</color>
    <color name="md_theme_inverseSurface_mediumContrast">#2F3034</color>
    <color name="md_theme_inverseOnSurface_mediumContrast">#F1F0F4</color>
    <color name="md_theme_inversePrimary_mediumContrast">#A5C9FC</color>
    <color name="md_theme_primaryFixed_mediumContrast">#4B6F9D</color>
    <color name="md_theme_onPrimaryFixed_mediumContrast">#FFFFFF</color>
    <color name="md_theme_primaryFixedDim_mediumContrast">#315683</color>
    <color name="md_theme_onPrimaryFixedVariant_mediumContrast">#FFFFFF</color>
    <color name="md_theme_secondaryFixed_mediumContrast">#616E82</color>
    <color name="md_theme_onSecondaryFixed_mediumContrast">#FFFFFF</color>
    <color name="md_theme_secondaryFixedDim_mediumContrast">#495668</color>
    <color name="md_theme_onSecondaryFixedVariant_mediumContrast">#FFFFFF</color>
    <color name="md_theme_tertiaryFixed_mediumContrast">#8A5E8E</color>
    <color name="md_theme_onTertiaryFixed_mediumContrast">#FFFFFF</color>
    <color name="md_theme_tertiaryFixedDim_mediumContrast">#6F4674</color>
    <color name="md_theme_onTertiaryFixedVariant_mediumContrast">#FFFFFF</color>
    <color name="md_theme_surfaceDim_mediumContrast">#C6C6CA</color>
    <color name="md_theme_surfaceBright_mediumContrast">#F9F9FD</color>
    <color name="md_theme_surfaceContainerLowest_mediumContrast">#FFFFFF</color>
    <color name="md_theme_surfaceContainerLow_mediumContrast">#F4F3F7</color>
    <color name="md_theme_surfaceContainer_mediumContrast">#E8E8EC</color>
    <color name="md_theme_surfaceContainerHigh_mediumContrast">#DDDCE1</color>
    <color name="md_theme_surfaceContainerHighest_mediumContrast">#D1D1D5</color>
    <color name="md_theme_primary_highContrast">#002D54</color>
    <color name="md_theme_onPrimary_highContrast">#FFFFFF</color>
    <color name="md_theme_primaryContainer_highContrast">#244B76</color>
    <color name="md_theme_onPrimaryContainer_highContrast">#FFFFFF</color>
    <color name="md_theme_secondary_highContrast">#202D3E</color>
    <color name="md_theme_onSecondary_highContrast">#FFFFFF</color>
    <color name="md_theme_secondaryContainer_highContrast">#3D4A5C</color>
    <color name="md_theme_onSecondaryContainer_highContrast">#FFFFFF</color>
    <color name="md_theme_tertiary_highContrast">#421D48</color>
    <color name="md_theme_onTertiary_highContrast">#FFFFFF</color>
    <color name="md_theme_tertiaryContainer_highContrast">#633A68</color>
    <color name="md_theme_onTertiaryContainer_highContrast">#FFFFFF</color>
    <color name="md_theme_error_highContrast">#600004</color>
    <color name="md_theme_onError_highContrast">#FFFFFF</color>
    <color name="md_theme_errorContainer_highContrast">#98000A</color>
    <color name="md_theme_onErrorContainer_highContrast">#FFFFFF</color>
    <color name="md_theme_background_highContrast">#F9F9FD</color>
    <color name="md_theme_onBackground_highContrast">#1A1C1F</color>
    <color name="md_theme_surface_highContrast">#F9F9FD</color>
    <color name="md_theme_onSurface_highContrast">#000000</color>
    <color name="md_theme_surfaceVariant_highContrast">#DFE2EC</color>
    <color name="md_theme_onSurfaceVariant_highContrast">#000000</color>
    <color name="md_theme_outline_highContrast">#282C33</color>
    <color name="md_theme_outlineVariant_highContrast">#454951</color>
    <color name="md_theme_scrim_highContrast">#000000</color>
    <color name="md_theme_inverseSurface_highContrast">#2F3034</color>
    <color name="md_theme_inverseOnSurface_highContrast">#FFFFFF</color>
    <color name="md_theme_inversePrimary_highContrast">#A5C9FC</color>
    <color name="md_theme_primaryFixed_highContrast">#244B76</color>
    <color name="md_theme_onPrimaryFixed_highContrast">#FFFFFF</color>
    <color name="md_theme_primaryFixedDim_highContrast">#03345E</color>
    <color name="md_theme_onPrimaryFixedVariant_highContrast">#FFFFFF</color>
    <color name="md_theme_secondaryFixed_highContrast">#3D4A5C</color>
    <color name="md_theme_onSecondaryFixed_highContrast">#FFFFFF</color>
    <color name="md_theme_secondaryFixedDim_highContrast">#273345</color>
    <color name="md_theme_onSecondaryFixedVariant_highContrast">#FFFFFF</color>
    <color name="md_theme_tertiaryFixed_highContrast">#633A68</color>
    <color name="md_theme_onTertiaryFixed_highContrast">#FFFFFF</color>
    <color name="md_theme_tertiaryFixedDim_highContrast">#4A244F</color>
    <color name="md_theme_onTertiaryFixedVariant_highContrast">#FFFFFF</color>
    <color name="md_theme_surfaceDim_highContrast">#B8B8BC</color>
    <color name="md_theme_surfaceBright_highContrast">#F9F9FD</color>
    <color name="md_theme_surfaceContainerLowest_highContrast">#FFFFFF</color>
    <color name="md_theme_surfaceContainerLow_highContrast">#F1F0F4</color>
    <color name="md_theme_surfaceContainer_highContrast">#E2E2E6</color>
    <color name="md_theme_surfaceContainerHigh_highContrast">#D4D4D8</color>
    <color name="md_theme_surfaceContainerHighest_highContrast">#C6C6CA</color>
    <color name="colorCustomColor1">#655D54</color>
    <color name="colorOnCustomColor1">#FFFFFF</color>
    <color name="colorCustomColor1Container">#B6ABA0</color>
    <color name="colorOnCustomColor1Container">#473F37</color>
    <color name="colorCustomColor1_mediumContrast">#3C352D</color>
    <color name="colorOnCustomColor1_mediumContrast">#FFFFFF</color>
    <color name="colorCustomColor1Container_mediumContrast">#756C62</color>
    <color name="colorOnCustomColor1Container_mediumContrast">#FFFFFF</color>
    <color name="colorCustomColor1_highContrast">#322B23</color>
    <color name="colorOnCustomColor1_highContrast">#FFFFFF</color>
    <color name="colorCustomColor1Container_highContrast">#50483F</color>
    <color name="colorOnCustomColor1Container_highContrast">#FFFFFF</color>
</resources>
